"","label","bamm_rt"
"Echinopsis_calorubra","Echinopsis_calorubra",26.5044138943898
"Echinopsis_rojasii","Echinopsis_rojasii",26.5044138943898
"Echinopsis_obrepanda","Echinopsis_obrepanda",24.6792924580727
"Echinopsis_oligotricha","Echinopsis_oligotricha",22.8526513967863
"Echinopsis_schieliana","Echinopsis_schieliana",26.5033202897186
"Echinopsis_maximiliana","Echinopsis_maximiliana",26.5033202897186
"Echinopsis_tegeleriana","Echinopsis_tegeleriana",24.6780683298352
"Echinopsis_hertrichiana","Echinopsis_hertrichiana",22.8516267202158
"Echinopsis_ferox","Echinopsis_ferox",24.671966029213
"Echinopsis_chrysochete","Echinopsis_chrysochete",24.671966029213
"Echinopsis_cinnabarina","Echinopsis_cinnabarina",22.847128480859
"Echinopsis_pentlandii","Echinopsis_pentlandii",21.0217196900752
"Echinopsis_pugionacantha","Echinopsis_pugionacantha",19.1241389399988
"Echinopsis_lateritia","Echinopsis_lateritia",19.1241389399988
"Echinopsis_cardenasiana","Echinopsis_cardenasiana",17.2488932754193
"Echinopsis_ancistrophora","Echinopsis_ancistrophora",17.2488932754193
"Echinopsis_tiegeliana","Echinopsis_tiegeliana",13.7203829854133
"Echinopsis_arachnacantha","Echinopsis_arachnacantha",11.9692045567624
"Echinopsis_backebergii","Echinopsis_backebergii",10.742276712139
"Echinopsis_yuquina","Echinopsis_yuquina",10.682977669773
"Echinopsis_tacaquirensis","Echinopsis_tacaquirensis",10.682977669773
"Echinopsis_caineana","Echinopsis_caineana",9.98872511556211
"Echinopsis_mamillosa","Echinopsis_mamillosa",9.98872511556211
"Echinopsis_huascha","Echinopsis_huascha",17.1192366045673
"Echinopsis_strigosa","Echinopsis_strigosa",17.1192366045673
"Echinopsis_rowleyi","Echinopsis_rowleyi",16.1441830800332
"Echinopsis_angelesiae","Echinopsis_angelesiae",16.1458392873458
"Echinopsis_formosa","Echinopsis_formosa",16.1458392873458
"Echinopsis_candicans","Echinopsis_candicans",14.1866136636876
"Echinopsis_thelegona","Echinopsis_thelegona",13.1986200631269
"Echinopsis_camarguensis","Echinopsis_camarguensis",12.2267629975604
"Echinopsis_hahniana","Echinopsis_hahniana",15.1149337544523
"Echinopsis_schickendantzii","Echinopsis_schickendantzii",15.1149337544523
"Echinopsis_thelegonoides","Echinopsis_thelegonoides",14.1513774156899
"Echinopsis_tarijensis","Echinopsis_tarijensis",14.1359530380737
"Echinopsis_volliana","Echinopsis_volliana",14.1359530380737
"Echinopsis_vasquezii","Echinopsis_vasquezii",12.2202603839466
"Echinopsis_walteri","Echinopsis_walteri",10.2684761160382
"Echinopsis_chamaecereus","Echinopsis_chamaecereus",9.96020618704741
"Echinopsis_saltensis","Echinopsis_saltensis",9.96020618704741
"Matucana_madisoniorum","Matucana_madisoniorum",11.2664276780355
"Echinopsis_leucantha","Echinopsis_leucantha",11.2664276780355
"Echinopsis_mirabilis","Echinopsis_mirabilis",10.6161082857003
"Echinopsis_thionantha","Echinopsis_thionantha",9.94542037303407
"Echinopsis_spiniflora","Echinopsis_spiniflora",9.26580328653246
"Denmoza_rhodacantha","Denmoza_rhodacantha",8.57924440121255
"Echinopsis_lageniformis","Echinopsis_lageniformis",7.80321889739542
"Echinopsis_pachanoi","Echinopsis_pachanoi",7.80321889739542
"Pygmaeocereus_bylesianus","Pygmaeocereus_bylesianus",10.5262082481983
"Mila_caespitosa","Mila_caespitosa",10.5262082481983
"Oreocereus_hempelianus","Oreocereus_hempelianus",9.87529205396648
"Haageocereus_decumbens","Haageocereus_decumbens",10.6603408780276
"Haageocereus_chilensis","Haageocereus_chilensis",10.6603408780276
"Haageocereus_pseudomelanostele","Haageocereus_pseudomelanostele",9.95142322712181
"Matucana_intertexta","Matucana_intertexta",10.5353913283737
"Matucana_aurantiaca","Matucana_aurantiaca",10.5353913283737
"Oroya_peruviana","Oroya_peruviana",9.87890235994515
"Oreocereus_celsianus","Oreocereus_celsianus",9.8555955672003
"Oreocereus_trollii","Oreocereus_trollii",9.8555955672003
"Matucana_haynei","Matucana_haynei",7.87033424099916
"Espostoa_lanata","Espostoa_lanata",7.84964673029583
"Rauhocereus_riosaniensis","Rauhocereus_riosaniensis",7.84964673029583
"Arthrocereus_rondonianus","Arthrocereus_rondonianus",7.12969886648507
"Arthrocereus_glaziovii","Arthrocereus_glaziovii",7.12969886648507
"Arthrocereus_spinosissimus","Arthrocereus_spinosissimus",6.45749050255672
"Harrisia_regelii","Harrisia_regelii",10.8158259579399
"Harrisia_tortuosa","Harrisia_tortuosa",10.8158259579399
"Harrisia_martinii","Harrisia_martinii",9.86935096890226
"Harrisia_pomanensis","Harrisia_pomanensis",9.8521262788063
"Harrisia_tetracantha","Harrisia_tetracantha",9.8521262788063
"Harrisia_earlei","Harrisia_earlei",9.20670588667608
"Harrisia_gracilis","Harrisia_gracilis",9.20670588667608
"Harrisia_adscendens","Harrisia_adscendens",8.58395636809036
"Oreocereus_leucotrichus","Oreocereus_leucotrichus",9.21821180151528
"Echinopsis_deserticola","Echinopsis_deserticola",9.21821180151528
"Echinopsis_atacamensis","Echinopsis_atacamensis",8.55797693144713
"Echinopsis_coquimbana","Echinopsis_coquimbana",9.16841145168345
"Echinopsis_terscheckii","Echinopsis_terscheckii",9.16841145168345
"Echinopsis_chiloensis","Echinopsis_chiloensis",8.5421842692884
"Echinopsis_breviflora","Echinopsis_breviflora",9.11953557643426
"Echinopsis_chrysantha","Echinopsis_chrysantha",9.11953557643426
"Echinopsis_haematantha","Echinopsis_haematantha",9.12287689000427
"Echinopsis_densispina","Echinopsis_densispina",9.12287689000427
"Echinopsis_calochlora","Echinopsis_calochlora",9.1505756720243
"Echinopsis_oxygona","Echinopsis_oxygona",9.1505756720243
"Echinopsis_aurea","Echinopsis_aurea",8.51566227594982
"Echinopsis_marsoneri","Echinopsis_marsoneri",7.19607706386364
"Cleistocactus_parviflorus","Cleistocactus_parviflorus",11.1260452585881
"Cleistocactus_ritteri","Cleistocactus_ritteri",11.1260452585881
"Cleistocactus_laniceps","Cleistocactus_laniceps",10.4937944118189
"Cleistocactus_baumannii","Cleistocactus_baumannii",10.4923559063157
"Cleistocactus_smaragdiflorus","Cleistocactus_smaragdiflorus",10.4923559063157
"Espostoa_guentheri","Espostoa_guentheri",9.17475205928083
"Weberbauerocereus_weberbaueri","Weberbauerocereus_weberbaueri",8.50852612561291
"Cleistocactus_samaipatanus","Cleistocactus_samaipatanus",7.83341098842761
"Yungasocereus_inquisivensis","Yungasocereus_inquisivensis",7.81991712341132
"Cleistocactus_chrysocephalus","Cleistocactus_chrysocephalus",7.81991712341132
"Samaipaticereus_corroanus","Samaipaticereus_corroanus",6.47083135771779
"Facheiroa_squamosa","Facheiroa_squamosa",4.26608732653414
"Stetsonia_coryne","Stetsonia_coryne",3.59800818522744
"Rebutia_deminuta","Rebutia_deminuta",5.58846618370694
"Rebutia_fiebrigii","Rebutia_fiebrigii",5.58846618370694
"Rebutia_heliosa","Rebutia_heliosa",5.11291039189678
"Rebutia_steinmannii","Rebutia_steinmannii",4.97130278562923
"Rebutia_pygmaea","Rebutia_pygmaea",4.97130278562923
"Rebutia_einsteinii","Rebutia_einsteinii",4.24958639757729
"Rebutia_padcayensis","Rebutia_padcayensis",4.89836718484932
"Rebutia_fabrisii","Rebutia_fabrisii",4.89836718484932
"Rebutia_minuscula","Rebutia_minuscula",4.56861884985332
"Rebutia_arenacea","Rebutia_arenacea",4.56876381107583
"Rebutia_neocumingii","Rebutia_neocumingii",4.56876381107583
"Rebutia_mentosa","Rebutia_mentosa",3.58823573597475
"Browningia_candelaris","Browningia_candelaris",4.33549219393147
"Browningia_hertlingiana","Browningia_hertlingiana",4.33549219393147
"Browningia_microsperma","Browningia_microsperma",3.98674933864148
"Lasiocereus_rupicola","Lasiocereus_rupicola",3.98785712265916
"Lasiocereus_fulvus","Lasiocereus_fulvus",3.98785712265916
"Browningia_altissima","Browningia_altissima",3.63395324915174
"Browningia_chlorocarpa","Browningia_chlorocarpa",3.63395324915174
"Pilosocereus_splendidus","Pilosocereus_splendidus",28.6751276757665
"Pilosocereus_densiareolatus","Pilosocereus_densiareolatus",28.6751276757665
"Pilosocereus_pusillibaccatus","Pilosocereus_pusillibaccatus",27.0869462535558
"Pilosocereus_albisummus","Pilosocereus_albisummus",27.0859855697661
"Pilosocereus_pachycladus","Pilosocereus_pachycladus",27.0859855697661
"Pilosocereus_parvus","Pilosocereus_parvus",23.9088607191389
"Pilosocereus_vilaboensis","Pilosocereus_vilaboensis",22.319905293057
"Pilosocereus_aurisetus","Pilosocereus_aurisetus",22.3190535445222
"Pilosocereus_machrisii","Pilosocereus_machrisii",22.3190535445222
"Pilosocereus_azulensis","Pilosocereus_azulensis",22.3188289967312
"Pilosocereus_catingicola","Pilosocereus_catingicola",22.3188289967312
"Pilosocereus_fulvilanatus","Pilosocereus_fulvilanatus",20.7308748302627
"Pilosocereus_aureispinus","Pilosocereus_aureispinus",17.5527766722536
"Pilosocereus_ulei","Pilosocereus_ulei",15.9633388486396
"Pilosocereus_arrabidae","Pilosocereus_arrabidae",14.3730330678037
"Pilosocereus_magnificus","Pilosocereus_magnificus",17.5364567042332
"Pilosocereus_multicostatus","Pilosocereus_multicostatus",17.5364567042332
"Pilosocereus_brasiliensis","Pilosocereus_brasiliensis",15.953527839081
"Pilosocereus_flavipulvinatus","Pilosocereus_flavipulvinatus",15.9549300608485
"Pilosocereus_oligolepis","Pilosocereus_oligolepis",15.9549300608485
"Pilosocereus_glaucochrous","Pilosocereus_glaucochrous",14.3168398131984
"Pilosocereus_pentaedrophorus","Pilosocereus_pentaedrophorus",14.3168398131984
"Pilosocereus_piauhyensis","Pilosocereus_piauhyensis",12.7536238295809
"Pilosocereus_chrysacanthus","Pilosocereus_chrysacanthus",15.8407375111633
"Pilosocereus_quadricentralis","Pilosocereus_quadricentralis",15.8407375111633
"Pilosocereus_purpusii","Pilosocereus_purpusii",15.8440468247007
"Pilosocereus_alensis","Pilosocereus_alensis",15.8440468247007
"Pilosocereus_royenii","Pilosocereus_royenii",12.7296001218838
"Pilosocereus_polygonus","Pilosocereus_polygonus",15.8401879639542
"Pilosocereus_lanuginosus","Pilosocereus_lanuginosus",15.8401879639542
"Pilosocereus_leucocephalus","Pilosocereus_leucocephalus",14.2857608338856
"Pilosocereus_collinsii","Pilosocereus_collinsii",12.7289069335615
"Melocactus_curvispinus","Melocactus_curvispinus",17.378292524022
"Melocactus_intortus","Melocactus_intortus",17.378292524022
"Melocactus_oreas","Melocactus_oreas",15.8291369593078
"Discocactus_zehntneri","Discocactus_zehntneri",14.2738372671099
"Melocactus_zehntneri","Melocactus_zehntneri",12.7179898106064
"Cereus_jamacaru","Cereus_jamacaru",12.7134272020278
"Arrojadoa_rhodantha","Arrojadoa_rhodantha",12.7134272020278
"Coleocephalocereus_goebelianus","Coleocephalocereus_goebelianus",12.7091653138017
"Coleocephalocereus_fluminensis","Coleocephalocereus_fluminensis",12.7091653138017
"Pilosocereus_bohlei","Pilosocereus_bohlei",12.7119887283367
"Espostoopsis_dybowskii","Espostoopsis_dybowskii",12.7119887283367
"Micranthocereus_albicephalus","Micranthocereus_albicephalus",6.47789440554604
"Micranthocereus_auriazureus","Micranthocereus_auriazureus",4.50370449716979
"Stephanocereus_leucostele","Stephanocereus_leucostele",3.97793737564556
"Cereus_spegazzinii","Cereus_spegazzinii",8.93369498337962
"Cereus_hankeanus","Cereus_hankeanus",8.93369498337962
"Cereus_aethiops","Cereus_aethiops",8.24231234050473
"Cereus_mortensenii","Cereus_mortensenii",7.54828580007859
"Cereus_insularis","Cereus_insularis",6.85775785016366
"Cereus_fernambucensis","Cereus_fernambucensis",6.16538015352369
"Cereus_hildmannianus","Cereus_hildmannianus",7.84875271366971
"Cereus_hexagonus","Cereus_hexagonus",7.84875271366971
"Cereus_repandus","Cereus_repandus",7.06617932782244
"Cereus_bicolor","Cereus_bicolor",6.28333073825545
"Cereus_saddianus","Cereus_saddianus",7.44693051567246
"Cipocereus_crassisepalus","Cipocereus_crassisepalus",7.44693051567246
"Cipocereus_bradei","Cipocereus_bradei",6.78005961053885
"Cipocereus_minensis","Cipocereus_minensis",6.11297627364795
"Cereus_albicaulis","Cereus_albicaulis",6.10852754500274
"Cereus_mirabella","Cereus_mirabella",6.10852754500274
"Brasilicereus_markgrafii","Brasilicereus_markgrafii",4.81461523696031
"Facheiroa_ulei","Facheiroa_ulei",4.81461523696031
"Leocereus_bahiensis","Leocereus_bahiensis",4.41076762016582
"Praecereus_saxicola","Praecereus_saxicola",3.59732556492933
"Praecereus_euchlorus","Praecereus_euchlorus",3.59732556492933
"Gymnocalycium_andreae","Gymnocalycium_andreae",28.3787366429012
"Gymnocalycium_berchtii","Gymnocalycium_berchtii",28.3787366429012
"Gymnocalycium_uebelmannianum","Gymnocalycium_uebelmannianum",26.5094976248789
"Gymnocalycium_capillense","Gymnocalycium_capillense",24.6405045240866
"Gymnocalycium_erinaceum","Gymnocalycium_erinaceum",22.7725605424534
"Gymnocalycium_amerhauseri","Gymnocalycium_amerhauseri",20.9046518574425
"Gymnocalycium_baldianum","Gymnocalycium_baldianum",19.0367806221989
"Gymnocalycium_kieslingii","Gymnocalycium_kieslingii",20.9046256003727
"Gymnocalycium_striglianum","Gymnocalycium_striglianum",20.9046256003727
"Gymnocalycium_robustum","Gymnocalycium_robustum",19.0362724545119
"Gymnocalycium_gibbosum","Gymnocalycium_gibbosum",15.3015002162249
"Gymnocalycium_calochlorum","Gymnocalycium_calochlorum",15.2700920285747
"Gymnocalycium_bruchii","Gymnocalycium_bruchii",15.2700920285747
"Gymnocalycium_quehlianum","Gymnocalycium_quehlianum",18.9336348437383
"Gymnocalycium_esperanzae","Gymnocalycium_esperanzae",18.9336348437383
"Gymnocalycium_bodenbenderianum","Gymnocalycium_bodenbenderianum",17.0940555869631
"Gymnocalycium_horstii","Gymnocalycium_horstii",17.0907525972213
"Gymnocalycium_mesopotamicum","Gymnocalycium_mesopotamicum",17.0907525972213
"Gymnocalycium_ochoterenae","Gymnocalycium_ochoterenae",13.4190186118755
"Gymnocalycium_paraguayense","Gymnocalycium_paraguayense",9.66055083475518
"Gymnocalycium_denudatum","Gymnocalycium_denudatum",7.95302955951735
"Gymnocalycium_nigriareolatum","Gymnocalycium_nigriareolatum",19.6686760886608
"Gymnocalycium_hossei","Gymnocalycium_hossei",19.6686760886608
"Gymnocalycium_castellanosii","Gymnocalycium_castellanosii",18.0041563352335
"Gymnocalycium_alboareolatum","Gymnocalycium_alboareolatum",16.3402237787505
"Gymnocalycium_glaucum","Gymnocalycium_glaucum",14.6756614197942
"Gymnocalycium_mostii","Gymnocalycium_mostii",13.0072510692828
"Gymnocalycium_oenanthemum","Gymnocalycium_oenanthemum",12.979384758629
"Gymnocalycium_bayrianum","Gymnocalycium_bayrianum",12.979384758629
"Gymnocalycium_pugionacanthum","Gymnocalycium_pugionacanthum",11.3044131853761
"Gymnocalycium_monvillei","Gymnocalycium_monvillei",11.3044131853761
"Gymnocalycium_ritterianum","Gymnocalycium_ritterianum",8.12134951109445
"Gymnocalycium_spegazzinii","Gymnocalycium_spegazzinii",4.80998000775797
"Gymnocalycium_marsoneri","Gymnocalycium_marsoneri",5.09657330829412
"Gymnocalycium_eurypleurum","Gymnocalycium_eurypleurum",5.09657330829412
"Gymnocalycium_stenopleurum","Gymnocalycium_stenopleurum",4.7179634121511
"Gymnocalycium_schickendantzii","Gymnocalycium_schickendantzii",4.6959989147411
"Gymnocalycium_mihanovichii","Gymnocalycium_mihanovichii",4.6959989147411
"Gymnocalycium_chiquitanum","Gymnocalycium_chiquitanum",4.31786419180042
"Gymnocalycium_chacoense","Gymnocalycium_chacoense",4.31786419180042
"Gymnocalycium_saglionis","Gymnocalycium_saglionis",3.2791856467747
"Uebelmannia_pectinifera","Uebelmannia_pectinifera",2.30156202486999
"Echinocereus_engelmannii","Echinocereus_engelmannii",24.2871193779427
"Echinocereus_bonkerae","Echinocereus_bonkerae",24.2871193779427
"Echinocereus_fasciculatus","Echinocereus_fasciculatus",22.727781286625
"Echinocereus_bristolii","Echinocereus_bristolii",21.1681498792659
"Echinocereus_palmeri","Echinocereus_palmeri",19.6022698669387
"Echinocereus_pseudopectinatus","Echinocereus_pseudopectinatus",24.2868719361402
"Echinocereus_grandis","Echinocereus_grandis",24.2868719361402
"Echinocereus_scopulorum","Echinocereus_scopulorum",22.7265601708937
"Echinocereus_sciurus","Echinocereus_sciurus",21.1658298329112
"Echinocereus_websterianus","Echinocereus_websterianus",19.6028196223644
"Echinocereus_triglochidiatus","Echinocereus_triglochidiatus",27.5124428608747
"Echinocereus_santaritensis","Echinocereus_santaritensis",27.5124428608747
"Echinocereus_arizonicus","Echinocereus_arizonicus",25.9355902760671
"Echinocereus_polyacanthus","Echinocereus_polyacanthus",25.9345946937786
"Echinocereus_coccineus","Echinocereus_coccineus",25.9345946937786
"Echinocereus_acifer","Echinocereus_acifer",22.7797804978097
"Echinocereus_scheeri","Echinocereus_scheeri",21.2015277273649
"Echinocereus_klapperi","Echinocereus_klapperi",19.6235030042749
"Echinocereus_freudenbergeri","Echinocereus_freudenbergeri",18.0413493171301
"Echinocereus_adustus","Echinocereus_adustus",16.4549851556173
"Echinocereus_primolanatus","Echinocereus_primolanatus",16.4549851556173
"Echinocereus_metornii","Echinocereus_metornii",13.3319027667717
"Echinocereus_papillosus","Echinocereus_papillosus",11.7617200304756
"Echinocereus_schereri","Echinocereus_schereri",15.6822528594862
"Echinocereus_pamanesii","Echinocereus_pamanesii",15.6822528594862
"Echinocereus_pulchellus","Echinocereus_pulchellus",14.3092276000222
"Echinocereus_reichenbachii","Echinocereus_reichenbachii",12.9342011973467
"Echinocereus_spinigemmatus","Echinocereus_spinigemmatus",11.5563262020162
"Echinocereus_dasyacanthus","Echinocereus_dasyacanthus",12.5807034897676
"Echinocereus_pectinatus","Echinocereus_pectinatus",12.5807034897676
"Echinocereus_mombergerianus","Echinocereus_mombergerianus",12.5875843959768
"Echinocereus_nicholii","Echinocereus_nicholii",12.5875843959768
"Echinocereus_ortegae","Echinocereus_ortegae",12.5800794037602
"Echinocereus_russanthus","Echinocereus_russanthus",12.5800794037602
"Echinocereus_fendleri","Echinocereus_fendleri",11.3066085640039
"Echinocereus_berlandieri","Echinocereus_berlandieri",14.2282829680983
"Echinocereus_enneacanthus","Echinocereus_enneacanthus",14.2282829680983
"Echinocereus_rayonesensis","Echinocereus_rayonesensis",13.2486246718154
"Echinocereus_stramineus","Echinocereus_stramineus",12.2666924138764
"Echinocereus_viereckii","Echinocereus_viereckii",11.2857080875844
"Echinocereus_parkeri","Echinocereus_parkeri",12.2680513353654
"Echinocereus_nivosus","Echinocereus_nivosus",12.2680513353654
"Echinocereus_schmollii","Echinocereus_schmollii",12.2709318173446
"Echinocereus_cinerascens","Echinocereus_cinerascens",12.2709318173446
"Echinocereus_poselgeri","Echinocereus_poselgeri",10.3011952976284
"Echinocereus_mapimiensis","Echinocereus_mapimiensis",10.3011952976284
"Echinocereus_longisetus","Echinocereus_longisetus",8.32268446692698
"Echinocereus_barthelowanus","Echinocereus_barthelowanus",9.06625632897252
"Echinocereus_maritimus","Echinocereus_maritimus",9.06625632897252
"Echinocereus_brandegeei","Echinocereus_brandegeei",8.49154236121697
"Echinocereus_laui","Echinocereus_laui",8.49974842138041
"Echinocereus_subinermis","Echinocereus_subinermis",8.49974842138041
"Echinocereus_knippelianus","Echinocereus_knippelianus",7.90684177028819
"Echinocereus_pentalophus","Echinocereus_pentalophus",7.90684177028819
"Echinocereus_leucanthus","Echinocereus_leucanthus",7.91485191913928
"Echinocereus_waldeisii","Echinocereus_waldeisii",7.91485191913928
"Echinocereus_rigidissimus","Echinocereus_rigidissimus",7.32881753554391
"Echinocereus_stolonifer","Echinocereus_stolonifer",5.54226474417656
"Stenocereus_treleasei","Stenocereus_treleasei",10.6376728680999
"Stenocereus_thurberi","Stenocereus_thurberi",10.6376728680999
"Stenocereus_queretaroensis","Stenocereus_queretaroensis",10.1297020061736
"Stenocereus_beneckei","Stenocereus_beneckei",9.6192363541091
"Stenocereus_montanus","Stenocereus_montanus",9.10572969711214
"Stenocereus_chrysocarpus","Stenocereus_chrysocarpus",9.09992807525807
"Stenocereus_martinezii","Stenocereus_martinezii",9.09992807525807
"Stenocereus_stellatus","Stenocereus_stellatus",8.07638780279789
"Stenocereus_alamosensis","Stenocereus_alamosensis",9.60012626055563
"Stenocereus_kerberi","Stenocereus_kerberi",9.60012626055563
"Stenocereus_standleyi","Stenocereus_standleyi",9.09968742684153
"Stenocereus_chacalapensis","Stenocereus_chacalapensis",9.60525428655887
"Stenocereus_pruinosus","Stenocereus_pruinosus",9.60525428655887
"Stenocereus_fricii","Stenocereus_fricii",9.09895785982558
"Stenocereus_gummosus","Stenocereus_gummosus",8.07532524206021
"Myrtillocactus_cochal","Myrtillocactus_cochal",8.56680872016162
"Myrtillocactus_geometrizans","Myrtillocactus_geometrizans",8.56680872016162
"Myrtillocactus_schenckii","Myrtillocactus_schenckii",8.06709860950443
"Polaskia_chende","Polaskia_chende",8.06262196706365
"Polaskia_chichipe","Polaskia_chichipe",8.06262196706365
"Escontria_chiotilla","Escontria_chiotilla",6.52143174976204
"Stenocereus_eruca","Stenocereus_eruca",6.00163877853114
"Stenocereus_dumortieri","Stenocereus_dumortieri",5.48071313480803
"Peniocereus_viperinus","Peniocereus_viperinus",9.46688061837025
"Peniocereus_zopilotensis","Peniocereus_zopilotensis",9.46688061837025
"Peniocereus_lazaro-cardenasii","Peniocereus_lazaro-cardenasii",9.0238277585408
"Peniocereus_marianus","Peniocereus_marianus",9.01565558873142
"Peniocereus_johnstonii","Peniocereus_johnstonii",9.01565558873142
"Peniocereus_greggii","Peniocereus_greggii",8.12069763258258
"Peniocereus_striatus","Peniocereus_striatus",7.66658165857289
"Nyctocereus_serpentinus","Nyctocereus_serpentinus",7.21077456565269
"Bergerocactus_emoryi","Bergerocactus_emoryi",6.7491037657897
"Cephalocereus_columna-trajani","Cephalocereus_columna-trajani",7.23471817980721
"Cephalocereus_senilis","Cephalocereus_senilis",7.23471817980721
"Cephalocereus_apicicephalium","Cephalocereus_apicicephalium",6.76524147796624
"Carnegiea_gigantea","Carnegiea_gigantea",5.81934218747253
"Pachycereus_tepamo","Pachycereus_tepamo",8.54164406535237
"Pachycereus_pecten-aboriginum","Pachycereus_pecten-aboriginum",8.54164406535237
"Pachycereus_grandis","Pachycereus_grandis",8.09876117476977
"Pachycereus_weberi","Pachycereus_weberi",7.6519889917934
"Pachycereus_gatesii","Pachycereus_gatesii",8.54623052017719
"Pachycereus_schottii","Pachycereus_schottii",8.54623052017719
"Pachycereus_marginatus","Pachycereus_marginatus",8.10551184575525
"Pachycereus_gaumeri","Pachycereus_gaumeri",7.65369877365131
"Pachycereus_militaris","Pachycereus_militaris",6.74252515514788
"Pachycereus_pringlei","Pachycereus_pringlei",6.2835507057461
"Pachycereus_hollianus","Pachycereus_hollianus",6.26210672988906
"Pachycereus_lepidanthus","Pachycereus_lepidanthus",6.26210672988906
"Selenicereus_testudo","Selenicereus_testudo",4.8752756436924
"Hylocereus_costaricensis","Hylocereus_costaricensis",19.0457489377806
"Hylocereus_stenopterus","Hylocereus_stenopterus",19.0457489377806
"Hylocereus_calcaratus","Hylocereus_calcaratus",17.9979239811265
"Hylocereus_monacanthus","Hylocereus_monacanthus",16.9500231528654
"Hylocereus_undatus","Hylocereus_undatus",15.8990199866294
"Hylocereus_escuintlensis","Hylocereus_escuintlensis",14.853748291795
"Hylocereus_triangularis","Hylocereus_triangularis",13.8072586015036
"Hylocereus_minutiflorus","Hylocereus_minutiflorus",14.8145854889007
"Hylocereus_megalanthus","Hylocereus_megalanthus",14.8145854889007
"Hylocereus_setaceus","Hylocereus_setaceus",13.7977456563172
"Hylocereus_ocamponis","Hylocereus_ocamponis",14.7225233429125
"Hylocereus_guatemalensis","Hylocereus_guatemalensis",14.7225233429125
"Selenicereus_anthonyanus","Selenicereus_anthonyanus",13.7323062614746
"Weberocereus_tonduzii","Weberocereus_tonduzii",12.7411328765005
"Selenicereus_inermis","Selenicereus_inermis",10.7052968794322
"Hylocereus_tricae","Hylocereus_tricae",9.80502998151662
"Selenicereus_dorschianus","Selenicereus_dorschianus",12.3865289241499
"Selenicereus_vagans","Selenicereus_vagans",12.3865289241499
"Selenicereus_spinulosus","Selenicereus_spinulosus",11.5287082974025
"Selenicereus_chontalensis","Selenicereus_chontalensis",12.3913115536069
"Selenicereus_grandiflorus","Selenicereus_grandiflorus",12.3913115536069
"Selenicereus_validus","Selenicereus_validus",11.533287773556
"Weberocereus_glaber","Weberocereus_glaber",11.5279803681083
"Selenicereus_hamatus","Selenicereus_hamatus",11.5279803681083
"Selenicereus_pteranthus","Selenicereus_pteranthus",10.6670872312398
"Selenicereus_atropilosus","Selenicereus_atropilosus",8.04915900760237
"Aporocactus_flagelliformis","Aporocactus_flagelliformis",7.99178395298408
"Aporocactus_martianus","Aporocactus_martianus",7.99178395298408
"Weberocereus_imitans","Weberocereus_imitans",8.75136544075264
"Weberocereus_rosei","Weberocereus_rosei",8.75136544075264
"Weberocereus_frohningiorum","Weberocereus_frohningiorum",7.97835706606782
"Weberocereus_trichophorus","Weberocereus_trichophorus",7.96214503310907
"Weberocereus_tunilla","Weberocereus_tunilla",7.96214503310907
"Disocactus_eichlamii","Disocactus_eichlamii",11.1582733010449
"Disocactus_quezaltecus","Disocactus_quezaltecus",11.1582733010449
"Disocactus_macranthus","Disocactus_macranthus",10.3732397211479
"Disocactus_phyllanthoides","Disocactus_phyllanthoides",10.3705204041495
"Disocactus_ackermannii","Disocactus_ackermannii",10.3705204041495
"Disocactus_crenatus","Disocactus_crenatus",8.78950759179267
"Disocactus_biformis","Disocactus_biformis",10.3710591856586
"Disocactus_nelsonii","Disocactus_nelsonii",10.3710591856586
"Disocactus_macdougallii","Disocactus_macdougallii",10.375388396463
"Disocactus_anguliger","Disocactus_anguliger",10.375388396463
"Disocactus_speciosus","Disocactus_speciosus",9.58091355176142
"Disocactus_lepidocarpus","Disocactus_lepidocarpus",9.58091355176142
"Epiphyllum_hookeri","Epiphyllum_hookeri",11.1137511144488
"Epiphyllum_phyllanthus","Epiphyllum_phyllanthus",11.1137511144488
"Epiphyllum_cartagense","Epiphyllum_cartagense",10.3396907930234
"Epiphyllum_baueri","Epiphyllum_baueri",9.55975453611928
"Epiphyllum_pumilum","Epiphyllum_pumilum",10.3376413524095
"Epiphyllum_oxypetalum","Epiphyllum_oxypetalum",10.3376413524095
"Epiphyllum_thomasianum","Epiphyllum_thomasianum",9.56001397551484
"Pseudorhipsalis_ramulosa","Pseudorhipsalis_ramulosa",7.99378738681255
"Pseudorhipsalis_alata","Pseudorhipsalis_alata",9.51445565087698
"Pseudorhipsalis_himantoclada","Pseudorhipsalis_himantoclada",9.51445565087698
"Pseudorhipsalis_lankesteri","Pseudorhipsalis_lankesteri",8.74129841591204
"Pseudorhipsalis_amazonica","Pseudorhipsalis_amazonica",7.96574645918196
"Pseudorhipsalis_acuminata","Pseudorhipsalis_acuminata",7.18215111541619
"Acanthocereus_oaxacensis","Acanthocereus_oaxacensis",6.20339459457554
"Acanthocereus_chiapensis","Acanthocereus_chiapensis",6.20339459457554
"Acanthocereus_tetragonus","Acanthocereus_tetragonus",5.48822941974238
"Pseudoacanthocereus_sicariguensis","Pseudoacanthocereus_sicariguensis",4.8578900230517
"Strophocactus_wittii","Strophocactus_wittii",4.8578900230517
"Pseudoacanthocereus_brasiliensis","Pseudoacanthocereus_brasiliensis",4.49535209190717
"Neoraimondia_arequipensis","Neoraimondia_arequipensis",4.49278925670696
"Neoraimondia_herzogiana","Neoraimondia_herzogiana",4.49278925670696
"Leptocereus_leonii","Leptocereus_leonii",4.5018191603104
"Leptocereus_quadricostatus","Leptocereus_quadricostatus",4.5018191603104
"Dendrocereus_nudiflorus","Dendrocereus_nudiflorus",4.13516883766905
"Castellanosia_caineana","Castellanosia_caineana",3.02847087317249
"Jasminocereus_thouarsii","Jasminocereus_thouarsii",4.43476547228425
"Brachycereus_nesioticus","Brachycereus_nesioticus",4.43476547228425
"Armatocereus_godingianus","Armatocereus_godingianus",4.08062964295233
"Armatocereus_laetus","Armatocereus_laetus",4.07935431326353
"Armatocereus_matucanensis","Armatocereus_matucanensis",4.07935431326353
"Armatocereus_procerus","Armatocereus_procerus",3.36987819171072
"Corryocactus_aureus","Corryocactus_aureus",3.36935930490753
"Corryocactus_brachypetalus","Corryocactus_brachypetalus",3.36935930490753
"Eulychnia_acida","Eulychnia_acida",5.0430549023224
"Eulychnia_chorosensis","Eulychnia_chorosensis",5.0430549023224
"Eulychnia_castanea","Eulychnia_castanea",4.60430949878409
"Eulychnia_taltalensis","Eulychnia_taltalensis",4.59287544072567
"Eulychnia_iquiquensis","Eulychnia_iquiquensis",4.59287544072567
"Eulychnia_ritteri","Eulychnia_ritteri",4.14903329018264
"Eulychnia_breviflora","Eulychnia_breviflora",4.14903329018264
"Austrocactus_philippii","Austrocactus_philippii",3.62505319780526
"Austrocactus_bertinii","Austrocactus_bertinii",3.62505319780526
"Austrocactus_spiniflorus","Austrocactus_spiniflorus",2.95183453026921
"Pfeiffera_paranganiensis","Pfeiffera_paranganiensis",4.03526442352686
"Pfeiffera_boliviana","Pfeiffera_boliviana",4.03526442352686
"Pfeiffera_asuntapatensis","Pfeiffera_asuntapatensis",3.66946262616041
"Pfeiffera_ianthothele","Pfeiffera_ianthothele",3.6368928203263
"Pfeiffera_miyagawae","Pfeiffera_miyagawae",3.6368928203263
"Pfeiffera_monacantha","Pfeiffera_monacantha",2.95813882572189
"Eriosyce_occulta","Eriosyce_occulta",14.1191243896307
"Eriosyce_sociabilis","Eriosyce_sociabilis",14.1191243896307
"Eriosyce_odieri","Eriosyce_odieri",13.1568615902196
"Eriosyce_recondita","Eriosyce_recondita",13.1549801505829
"Eriosyce_iquiquensis","Eriosyce_iquiquensis",13.1549801505829
"Eriosyce_paucicostata","Eriosyce_paucicostata",11.2287417886042
"Eriosyce_calderana","Eriosyce_calderana",10.2638793799427
"Eriosyce_taltalensis","Eriosyce_taltalensis",11.2253320493654
"Eriosyce_confinis","Eriosyce_confinis",11.2253320493654
"Eriosyce_esmeraldana","Eriosyce_esmeraldana",10.2629895354057
"Eriosyce_crispa","Eriosyce_crispa",8.33348939612724
"Eriosyce_heinrichiana","Eriosyce_heinrichiana",10.2246323338071
"Eriosyce_simulans","Eriosyce_simulans",10.2246323338071
"Eriosyce_senilis","Eriosyce_senilis",9.27202441210299
"Eriosyce_subgibbosa","Eriosyce_subgibbosa",8.31911196926604
"Eriosyce_curvispina","Eriosyce_curvispina",7.16555815453547
"Eriosyce_aspillagae","Eriosyce_aspillagae",7.16555815453547
"Eriosyce_napina","Eriosyce_napina",5.52524143831001
"Eriosyce_engleri","Eriosyce_engleri",5.32269247590044
"Eriosyce_garaventae","Eriosyce_garaventae",5.32269247590044
"Eriosyce_strausiana","Eriosyce_strausiana",5.05976803001929
"Eriosyce_villicumensis","Eriosyce_villicumensis",5.05976803001929
"Eriosyce_bulbocalyx","Eriosyce_bulbocalyx",4.48930830600524
"Eriosyce_aurata","Eriosyce_aurata",4.27226001116323
"Eriosyce_rodentiophila","Eriosyce_rodentiophila",4.27226001116323
"Eriosyce_islayensis","Eriosyce_islayensis",3.93365808411413
"Eriosyce_umadeave","Eriosyce_umadeave",3.92177631310837
"Neowerdermannia_vorwerkii","Neowerdermannia_vorwerkii",3.92177631310837
"Eriosyce_laui","Eriosyce_laui",3.27020230216222
"Yavia_cryptocarpa","Yavia_cryptocarpa",3.27020230216222
"Parodia_stuemeri","Parodia_stuemeri",6.08367006936455
"Parodia_comarapana","Parodia_comarapana",6.08367006936455
"Parodia_subterranea","Parodia_subterranea",5.63141658822717
"Parodia_maassii","Parodia_maassii",5.17890759822752
"Parodia_ayopayana","Parodia_ayopayana",4.70150866915386
"Parodia_microsperma","Parodia_microsperma",5.06660744249773
"Parodia_chrysacanthion","Parodia_chrysacanthion",5.06660744249773
"Parodia_formosa","Parodia_formosa",4.70445327422768
"Parodia_rudibuenekeri","Parodia_rudibuenekeri",5.59597498395715
"Parodia_scopa","Parodia_scopa",5.59597498395715
"Parodia_mammulosa","Parodia_mammulosa",5.17933771731349
"Parodia_horstii","Parodia_horstii",4.75535137490581
"Parodia_langsdorfii","Parodia_langsdorfii",4.7068136471321
"Parodia_erinacea","Parodia_erinacea",4.7068136471321
"Parodia_tenuicylindrica","Parodia_tenuicylindrica",4.32897259931257
"Parodia_ottonis","Parodia_ottonis",4.32897259931257
"Parodia_concinna","Parodia_concinna",3.97727834748665
"Parodia_leninghausii","Parodia_leninghausii",3.95171107500041
"Parodia_schumanniana","Parodia_schumanniana",3.95171107500041
"Parodia_magnifica","Parodia_magnifica",3.61139440061797
"Parodia_alacriportana","Parodia_alacriportana",3.27667575530068
"Parodia_haselbergii","Parodia_haselbergii",3.27667575530068
"Frailea_schilinzkyana","Frailea_schilinzkyana",2.96086164542975
"Frailea_pumila","Frailea_pumila",2.96086164542975
"Frailea_gracillima","Frailea_gracillima",2.95931394328593
"Frailea_phaeodisca","Frailea_phaeodisca",2.95931394328593
"Rhipsalis_cuneata","Rhipsalis_cuneata",8.23389664764969
"Rhipsalis_occidentalis","Rhipsalis_occidentalis",8.23389664764969
"Rhipsalis_oblonga","Rhipsalis_oblonga",7.63689312288417
"Rhipsalis_goebeliana","Rhipsalis_goebeliana",8.2352829271572
"Rhipsalis_ewaldiana","Rhipsalis_ewaldiana",8.2352829271572
"Rhipsalis_grandiflora","Rhipsalis_grandiflora",7.63715003588472
"Rhipsalis_elliptica","Rhipsalis_elliptica",7.6332510435316
"Rhipsalis_micrantha","Rhipsalis_micrantha",7.6332510435316
"Rhipsalis_olivifera","Rhipsalis_olivifera",7.03526854626928
"Rhipsalis_crispata","Rhipsalis_crispata",5.83185322748496
"Rhipsalis_mesembryanthemoides","Rhipsalis_mesembryanthemoides",6.42678275720724
"Rhipsalis_sulcata","Rhipsalis_sulcata",6.42678275720724
"Rhipsalis_baccifera","Rhipsalis_baccifera",5.82977416341864
"Rhipsalis_flagelliformis","Rhipsalis_flagelliformis",6.42328632084389
"Rhipsalis_pentaptera","Rhipsalis_pentaptera",6.42328632084389
"Rhipsalis_lindbergiana","Rhipsalis_lindbergiana",5.82661211150501
"Rhipsalis_pacheco-leonis","Rhipsalis_pacheco-leonis",5.22954739756572
"Rhipsalis_triangularis","Rhipsalis_triangularis",7.13071876915192
"Rhipsalis_russellii","Rhipsalis_russellii",7.13071876915192
"Rhipsalis_agudoensis","Rhipsalis_agudoensis",6.50447974780883
"Rhipsalis_pachyptera","Rhipsalis_pachyptera",5.87356718460381
"Rhipsalis_cereoides","Rhipsalis_cereoides",5.25550692600055
"Rhipsalis_teres","Rhipsalis_teres",4.63156341401175
"Rhipsalis_clavata","Rhipsalis_clavata",4.71393406289528
"Rhipsalis_pulchra","Rhipsalis_pulchra",4.71393406289528
"Rhipsalis_burchellii","Rhipsalis_burchellii",4.36761502175976
"Rhipsalis_cereuscula","Rhipsalis_cereuscula",4.02129678674964
"Rhipsalis_pilocarpa","Rhipsalis_pilocarpa",4.7102860406849
"Rhipsalis_campos-portoana","Rhipsalis_campos-portoana",4.7102860406849
"Rhipsalis_juengeri","Rhipsalis_juengeri",4.36523955816287
"Rhipsalis_ormindoi","Rhipsalis_ormindoi",4.02073189860626
"Rhipsalis_paradoxa","Rhipsalis_paradoxa",2.98921870398905
"Rhipsalis_floccosa","Rhipsalis_floccosa",3.71515412666244
"Rhipsalis_dissimilis","Rhipsalis_dissimilis",3.71515412666244
"Rhipsalis_trigona","Rhipsalis_trigona",3.35698261833242
"Rhipsalis_hoelleri","Rhipsalis_hoelleri",3.69717678363126
"Rhipsalis_puniceodiscus","Rhipsalis_puniceodiscus",3.69717678363126
"Rhipsalis_neves-armondii","Rhipsalis_neves-armondii",3.34644922138626
"Schlumbergera_orssichiana","Schlumbergera_orssichiana",4.92762179595934
"Schlumbergera_truncata","Schlumbergera_truncata",4.92762179595934
"Schlumbergera_kautskyi","Schlumbergera_kautskyi",4.59242203316549
"Schlumbergera_russelliana","Schlumbergera_russelliana",4.258162057265
"Schlumbergera_lutea","Schlumbergera_lutea",3.92642279051678
"Schlumbergera_microsphaerica","Schlumbergera_microsphaerica",3.92981206952776
"Schlumbergera_opuntioides","Schlumbergera_opuntioides",3.92981206952776
"Hatiora_cylindrica","Hatiora_cylindrica",3.93282834382951
"Hatiora_salicornioides","Hatiora_salicornioides",3.93282834382951
"Hatiora_herminiae","Hatiora_herminiae",3.60110015033653
"Schlumbergera_gaertneri","Schlumbergera_gaertneri",3.27874412366331
"Schlumbergera_rosea","Schlumbergera_rosea",3.27874412366331
"Lepismium_lorentzianum","Lepismium_lorentzianum",3.61289899508584
"Lepismium_warmingianum","Lepismium_warmingianum",3.61289899508584
"Lepismium_cruciforme","Lepismium_cruciforme",3.60861964070285
"Lepismium_houlletianum","Lepismium_houlletianum",3.60861964070285
"Lepismium_lumbricoides","Lepismium_lumbricoides",2.9515485831123
"Copiapoa_esmeraldana","Copiapoa_esmeraldana",13.6643957861112
"Copiapoa_montana","Copiapoa_montana",13.6643957861112
"Copiapoa_marginata","Copiapoa_marginata",13.6645047254562
"Copiapoa_calderana","Copiapoa_calderana",13.6645047254562
"Copiapoa_cinerascens","Copiapoa_cinerascens",11.6468971589872
"Copiapoa_grandiflora","Copiapoa_grandiflora",11.6468971589872
"Copiapoa_taltalensis","Copiapoa_taltalensis",13.6627025741414
"Copiapoa_longistaminea","Copiapoa_longistaminea",13.6627025741414
"Copiapoa_serpentisulcata","Copiapoa_serpentisulcata",11.6463436412207
"Copiapoa_decorticans","Copiapoa_decorticans",9.62998353629084
"Copiapoa_humilis","Copiapoa_humilis",5.41554490607903
"Copiapoa_megarhiza","Copiapoa_megarhiza",4.18491291421294
"Copiapoa_echinoides","Copiapoa_echinoides",6.75270112769455
"Copiapoa_dealbata","Copiapoa_dealbata",6.75270112769455
"Copiapoa_coquimbana","Copiapoa_coquimbana",5.4847456859274
"Copiapoa_fiedleriana","Copiapoa_fiedleriana",4.20766432108664
"Lymanbensonia_incachacana","Lymanbensonia_incachacana",1.99990244719065
"Lymanbensonia_micrantha","Lymanbensonia_micrantha",1.99990244719065
"Lymanbensonia_brevispina","Lymanbensonia_brevispina",1.83182200009149
"Calymmanthium_substerile","Calymmanthium_substerile",1.65849054835139
"Mammillaria_albilanata","Mammillaria_albilanata",116.362715919284
"Mammillaria_haageana","Mammillaria_haageana",116.362715919284
"Mammillaria_crucigera","Mammillaria_crucigera",111.676351594671
"Mammillaria_flavicentra","Mammillaria_flavicentra",106.990007487426
"Mammillaria_eriacantha","Mammillaria_eriacantha",111.676704733207
"Mammillaria_supertexta","Mammillaria_supertexta",111.676704733207
"Mammillaria_dixanthocentron","Mammillaria_dixanthocentron",106.990132291086
"Mammillaria_pectinifera","Mammillaria_pectinifera",97.6173294444399
"Mammillaria_orcuttii","Mammillaria_orcuttii",92.9310300317344
"Mammillaria_sartorii","Mammillaria_sartorii",88.2447358913648
"Mammillaria_standleyi","Mammillaria_standleyi",83.5584433463462
"Mammillaria_petrophila","Mammillaria_petrophila",78.8721521207787
"Mammillaria_tayloriorum","Mammillaria_tayloriorum",74.1858714086141
"Mammillaria_scrippsiana","Mammillaria_scrippsiana",69.4996045074867
"Mammillaria_bocensis","Mammillaria_bocensis",83.5408729739833
"Mammillaria_roseoalba","Mammillaria_roseoalba",83.5408729739833
"Mammillaria_knippeliana","Mammillaria_knippeliana",78.8584917663214
"Coryphantha_robustispina","Coryphantha_robustispina",83.5409066865664
"Mammillaria_carnea","Mammillaria_carnea",83.5409066865664
"Mammillaria_morganiana","Mammillaria_morganiana",78.8584978148161
"Mammillaria_mystax","Mammillaria_mystax",78.8586573347367
"Mammillaria_polyedra","Mammillaria_polyedra",78.8586573347367
"Mammillaria_muehlenpfordtii","Mammillaria_muehlenpfordtii",74.1761320180003
"Mammillaria_huitzilopochtli","Mammillaria_huitzilopochtli",69.4941801089173
"Mammillaria_karwinskiana","Mammillaria_karwinskiana",69.4941801089173
"Mammillaria_peninsularis","Mammillaria_peninsularis",64.8114622072898
"Mammillaria_perbella","Mammillaria_perbella",55.4456588519969
"Mammillaria_formosa","Mammillaria_formosa",50.5361310893166
"Mammillaria_compressa","Mammillaria_compressa",50.535638223146
"Mammillaria_magnimamma","Mammillaria_magnimamma",50.535638223146
"Mammillaria_geminispina","Mammillaria_geminispina",42.4088034052557
"Mammillaria_hahniana","Mammillaria_hahniana",38.3460128616239
"Mammillaria_winterae","Mammillaria_winterae",46.4693014699542
"Mammillaria_heyderi","Mammillaria_heyderi",46.4693014699542
"Mammillaria_grusonii","Mammillaria_grusonii",42.4073854030379
"Mammillaria_coahuilensis","Mammillaria_coahuilensis",38.3454655758809
"Mammillaria_saboae","Mammillaria_saboae",46.3872175781746
"Mammillaria_halbingeri","Mammillaria_halbingeri",46.3872175781746
"Mammillaria_parkinsonii","Mammillaria_parkinsonii",42.3443789043464
"Mammillaria_sempervivi","Mammillaria_sempervivi",42.3465686357948
"Mammillaria_brandegeei","Mammillaria_brandegeei",42.3465686357948
"Mammillaria_klissingiana","Mammillaria_klissingiana",34.2581818082834
"Mammillaria_mammillaris","Mammillaria_mammillaris",26.1093786545502
"Mammillaria_wagneriana","Mammillaria_wagneriana",22.1714501667882
"Mammillaria_marksiana","Mammillaria_marksiana",17.7177322186383
"Mammillaria_spinosissima","Mammillaria_spinosissima",32.8697939901418
"Mammillaria_backebergiana","Mammillaria_backebergiana",32.8697939901418
"Mammillaria_duoformis","Mammillaria_duoformis",30.7737097236071
"Mammillaria_magnifica","Mammillaria_magnifica",28.6776196041509
"Mammillaria_meyranii","Mammillaria_meyranii",26.5814325482164
"Mammillaria_matudae","Mammillaria_matudae",24.4855174148109
"Mammillaria_rekoi","Mammillaria_rekoi",22.2841218284012
"Mammillaria_nunezii","Mammillaria_nunezii",20.4428818861023
"Mammillaria_painteri","Mammillaria_painteri",18.6032701853168
"Mammillaria_xaltianguensis","Mammillaria_xaltianguensis",16.7658670228841
"Mammillaria_lloydii","Mammillaria_lloydii",16.5961937620836
"Mammillaria_gigantea","Mammillaria_gigantea",16.5961937620836
"Mammillaria_petterssonii","Mammillaria_petterssonii",15.9946661255343
"Mammillaria_uncinata","Mammillaria_uncinata",15.3460175200224
"Mammillaria_discolor","Mammillaria_discolor",14.6727877145012
"Mammillaria_sonorensis","Mammillaria_sonorensis",15.3564476234842
"Mammillaria_rhodantha","Mammillaria_rhodantha",15.3564476234842
"Mammillaria_polythele","Mammillaria_polythele",14.6798728443264
"Mammillaria_crinita","Mammillaria_crinita",19.9540438788698
"Mammillaria_nana","Mammillaria_nana",19.9540438788698
"Mammillaria_duwei","Mammillaria_duwei",19.3382813393803
"Mammillaria_sinistrohamata","Mammillaria_sinistrohamata",18.708671123087
"Mammillaria_anniana","Mammillaria_anniana",18.6949654737392
"Mammillaria_zeilmanniana","Mammillaria_zeilmanniana",18.6949654737392
"Mammillaria_mathildae","Mammillaria_mathildae",18.0302449224848
"Mammillaria_fittkaui","Mammillaria_fittkaui",18.0302449224848
"Mammillaria_bocasana","Mammillaria_bocasana",16.7702578123214
"Mammillaria_erythrosperma","Mammillaria_erythrosperma",16.7593187750086
"Mammillaria_schwarzii","Mammillaria_schwarzii",16.7593187750086
"Mammillaria_senilis","Mammillaria_senilis",15.4447795878549
"Mammillaria_vetula","Mammillaria_vetula",14.7488463858245
"Mammillaria_laui","Mammillaria_laui",18.6176340614025
"Mammillaria_carmenae","Mammillaria_carmenae",18.6176340614025
"Mammillaria_zublerae","Mammillaria_zublerae",17.9877221047437
"Mammillaria_schiedeana","Mammillaria_schiedeana",17.3520452950666
"Mammillaria_prolifera","Mammillaria_prolifera",17.3535047210727
"Mammillaria_albicoma","Mammillaria_albicoma",17.3535047210727
"Mammillaria_glassii","Mammillaria_glassii",16.0555706369198
"Mammillaria_melanocentra","Mammillaria_melanocentra",16.6872062641598
"Mammillaria_plumosa","Mammillaria_plumosa",16.6872062641598
"Mammillaria_pilispina","Mammillaria_pilispina",16.0581928245862
"Mammillaria_bombycina","Mammillaria_bombycina",14.7354977483623
"Mammillaria_carretii","Mammillaria_carretii",13.3229073206568
"Mammillaria_microhelia","Mammillaria_microhelia",16.0413923997511
"Mammillaria_densispina","Mammillaria_densispina",16.0413923997511
"Mammillaria_elongata","Mammillaria_elongata",15.3892713254928
"Mammillaria_decipiens","Mammillaria_decipiens",14.7233417862688
"Mammillaria_deherdtiana","Mammillaria_deherdtiana",14.0242240016403
"Mammillaria_aureilanata","Mammillaria_aureilanata",14.0175604589311
"Mammillaria_hernandezii","Mammillaria_hernandezii",14.0175604589311
"Mammillaria_moelleriana","Mammillaria_moelleriana",12.5675575569378
"Mammillaria_wiesingeri","Mammillaria_wiesingeri",13.2277063308517
"Mammillaria_longimamma","Mammillaria_longimamma",13.2277063308517
"Mammillaria_baumii","Mammillaria_baumii",12.5549315849952
"Mammillaria_pottsii","Mammillaria_pottsii",11.8310548082887
"Mammillaria_guillauminiana","Mammillaria_guillauminiana",14.3838089822564
"Mammillaria_longiflora","Mammillaria_longiflora",14.3838089822564
"Mammillaria_jaliscana","Mammillaria_jaliscana",14.381597053334
"Mammillaria_mercadensis","Mammillaria_mercadensis",14.381597053334
"Mammillaria_rettigiana","Mammillaria_rettigiana",13.1195826635314
"Mammillaria_gasseriana","Mammillaria_gasseriana",13.7672103115511
"Mammillaria_lasiacantha","Mammillaria_lasiacantha",13.7672103115511
"Mammillaria_surculosa","Mammillaria_surculosa",13.1556677892798
"Mammillaria_pennispinosa","Mammillaria_pennispinosa",11.7691514193234
"Mammillaria_theresae","Mammillaria_theresae",11.0567216440419
"Mammillaria_sanchez-mejoradae","Mammillaria_sanchez-mejoradae",9.5332577775877
"Coryphantha_pallida","Coryphantha_pallida",17.9849886712991
"Coryphantha_elephantidens","Coryphantha_elephantidens",17.9849886712991
"Coryphantha_cornifera","Coryphantha_cornifera",17.3643099190954
"Coryphantha_echinoidea","Coryphantha_echinoidea",16.7200203858751
"Coryphantha_delicata","Coryphantha_delicata",16.7219910877756
"Coryphantha_compacta","Coryphantha_compacta",16.7219910877756
"Coryphantha_neglecta","Coryphantha_neglecta",17.3584879035018
"Coryphantha_nickelsiae","Coryphantha_nickelsiae",17.3584879035018
"Coryphantha_pseudoechinus","Coryphantha_pseudoechinus",16.7259200704446
"Coryphantha_ramillosa","Coryphantha_ramillosa",16.0662873628209
"Coryphantha_recurvata","Coryphantha_recurvata",14.7244697897933
"Coryphantha_echinus","Coryphantha_echinus",17.396153108354
"Coryphantha_difficilis","Coryphantha_difficilis",17.396153108354
"Coryphantha_werdermannii","Coryphantha_werdermannii",16.779361671664
"Coryphantha_salinensis","Coryphantha_salinensis",16.1339815467119
"Coryphantha_pulleineana","Coryphantha_pulleineana",15.4378464145834
"Coryphantha_retusa","Coryphantha_retusa",16.1225062792704
"Coryphantha_pycnacantha","Coryphantha_pycnacantha",16.1225062792704
"Coryphantha_tripugionacantha","Coryphantha_tripugionacantha",15.4328098789311
"Coryphantha_durangensis","Coryphantha_durangensis",13.9537660049116
"Coryphantha_longicornis","Coryphantha_longicornis",13.9537660049116
"Coryphantha_georgii","Coryphantha_georgii",20.8268487728971
"Coryphantha_jalpanensis","Coryphantha_jalpanensis",20.8268487728971
"Coryphantha_erecta","Coryphantha_erecta",19.3728826725063
"Coryphantha_ottonis","Coryphantha_ottonis",17.9152214932516
"Coryphantha_octacantha","Coryphantha_octacantha",16.4573849750918
"Coryphantha_clavata","Coryphantha_clavata",16.4504531216654
"Coryphantha_vogtherriana","Coryphantha_vogtherriana",16.4504531216654
"Coryphantha_glanduligera","Coryphantha_glanduligera",14.0128308169802
"Coryphantha_wohlschlageri","Coryphantha_wohlschlageri",14.0128308169802
"Mammillaria_napina","Mammillaria_napina",14.6615011640937
"Mammillaria_tonalensis","Mammillaria_tonalensis",14.6615011640937
"Mammillaria_sphacelata","Mammillaria_sphacelata",14.0018885369401
"Mammillaria_beneckei","Mammillaria_beneckei",13.340370904523
"Mammillaria_oteroi","Mammillaria_oteroi",13.3027049004582
"Mammillaria_zephyranthoides","Mammillaria_zephyranthoides",13.3027049004582
"Escobaria_dasyacantha","Escobaria_dasyacantha",14.5637350209243
"Escobaria_tuberculosa","Escobaria_tuberculosa",14.5637350209243
"Escobaria_chihuahuensis","Escobaria_chihuahuensis",13.9244303694796
"Pelecyphora_aselliformis","Pelecyphora_aselliformis",13.2644623052152
"Escobaria_laredoi","Escobaria_laredoi",12.5629990690829
"Pelecyphora_strobiliformis","Pelecyphora_strobiliformis",11.8445131642797
"Mammillaria_phitauiana","Mammillaria_phitauiana",17.8856560412244
"Mammillaria_albicans","Mammillaria_albicans",17.8856560412244
"Mammillaria_blossfeldiana","Mammillaria_blossfeldiana",17.270876038344
"Mammillaria_tetrancistra","Mammillaria_tetrancistra",17.267961390117
"Mammillaria_capensis","Mammillaria_capensis",17.267961390117
"Mammillaria_multidigitata","Mammillaria_multidigitata",17.9148617420815
"Mammillaria_mazatlanensis","Mammillaria_mazatlanensis",17.9148617420815
"Mammillaria_grahamii","Mammillaria_grahamii",17.3017466458061
"Mammillaria_thornberi","Mammillaria_thornberi",16.6823159493632
"Mammillaria_hutchisoniana","Mammillaria_hutchisoniana",18.6211109203424
"Mammillaria_cerralboa","Mammillaria_cerralboa",18.6211109203424
"Mammillaria_insularis","Mammillaria_insularis",17.9944348106354
"Mammillaria_armillata","Mammillaria_armillata",17.3590698687468
"Mammillaria_dioica","Mammillaria_dioica",16.7003931179474
"Mammillaria_melaleuca","Mammillaria_melaleuca",16.0272293554046
"Mammillaria_poselgeri","Mammillaria_poselgeri",16.6721134353779
"Mammillaria_pondii","Mammillaria_pondii",16.6721134353779
"Mammillaria_halei","Mammillaria_halei",16.0186617311345
"Mammillaria_boolii","Mammillaria_boolii",16.0078896301387
"Mammillaria_schumannii","Mammillaria_schumannii",16.0078896301387
"Ortegocactus_macdougallii","Ortegocactus_macdougallii",13.953357349731
"Mammillaria_guerreronis","Mammillaria_guerreronis",14.5392355785217
"Mammillaria_mainiae","Mammillaria_mainiae",14.5392355785217
"Mammillaria_evermanniana","Mammillaria_evermanniana",14.5708925216118
"Mammillaria_neopalmeri","Mammillaria_neopalmeri",14.5708925216118
"Mammillaria_guelzowiana","Mammillaria_guelzowiana",12.5287009066221
"Neolloydia_conoidea","Neolloydia_conoidea",12.4966856867657
"Mammillaria_luethyi","Mammillaria_luethyi",12.4966856867657
"Mammillaria_wrightii","Mammillaria_wrightii",11.7414828954728
"Mammillaria_barbata","Mammillaria_barbata",11.7414828954728
"Escobaria_duncanii","Escobaria_duncanii",13.142194180895
"Escobaria_zilziana","Escobaria_zilziana",13.142194180895
"Escobaria_hesteri","Escobaria_hesteri",12.5556707973896
"Escobaria_vivipara","Escobaria_vivipara",11.8349884475179
"Mammillaria_picta","Mammillaria_picta",11.1045570695086
"Coryphantha_poselgeriana","Coryphantha_poselgeriana",10.9304533079088
"Coryphantha_macromeris","Coryphantha_macromeris",10.9304533079088
"Mammillaria_herrerae","Mammillaria_herrerae",9.92351061589713
"Mammillaria_humboldtii","Mammillaria_humboldtii",9.92351061589713
"Mammillaria_albiflora","Mammillaria_albiflora",9.31133486476454
"Mammillaria_lenta","Mammillaria_lenta",9.39034595661841
"Mammilloydia_candida","Mammilloydia_candida",9.39034595661841
"Cumarinia_odorata","Cumarinia_odorata",7.11400747991515
"Turbinicarpus_subterraneus","Turbinicarpus_subterraneus",9.04926274442988
"Turbinicarpus_beguinii","Turbinicarpus_beguinii",9.04926274442988
"Turbinicarpus_mandragora","Turbinicarpus_mandragora",8.45775806915473
"Acharagma_roseanum","Acharagma_roseanum",7.81697786335577
"Lophophora_williamsii","Lophophora_williamsii",8.51203863101638
"Lophophora_diffusa","Lophophora_diffusa",8.51203863101638
"Obregonia_denegrii","Obregonia_denegrii",7.81622813020644
"Turbinicarpus_alonsoi","Turbinicarpus_alonsoi",11.6556863759373
"Ariocarpus_bravoanus","Ariocarpus_bravoanus",11.6556863759373
"Ariocarpus_fissuratus","Ariocarpus_fissuratus",11.0632683061743
"Ariocarpus_scaphirostris","Ariocarpus_scaphirostris",10.4698611244127
"Ariocarpus_trigonus","Ariocarpus_trigonus",11.0466964844678
"Ariocarpus_retusus","Ariocarpus_retusus",11.0466964844678
"Ariocarpus_agavoides","Ariocarpus_agavoides",10.4706772755212
"Ariocarpus_kotschoubeyanus","Ariocarpus_kotschoubeyanus",9.2468384970295
"Pediocactus_simpsonii","Pediocactus_simpsonii",8.6250634626446
"Turbinicarpus_pseudomacrochele","Turbinicarpus_pseudomacrochele",9.15982841554868
"Turbinicarpus_valdezianus","Turbinicarpus_valdezianus",9.15982841554868
"Strombocactus_disciformis","Strombocactus_disciformis",8.60167929576025
"Turbinicarpus_viereckii","Turbinicarpus_viereckii",10.9682625373388
"Turbinicarpus_lophophoroides","Turbinicarpus_lophophoroides",10.9682625373388
"Turbinicarpus_saueri","Turbinicarpus_saueri",10.3372239210229
"Turbinicarpus_schmiedickeanus","Turbinicarpus_schmiedickeanus",10.3345527583845
"Turbinicarpus_pseudopectinatus","Turbinicarpus_pseudopectinatus",10.3345527583845
"Turbinicarpus_laui","Turbinicarpus_laui",9.0726623323362
"Turbinicarpus_gielsdorfianus","Turbinicarpus_gielsdorfianus",8.42346166616695
"Turbinicarpus_swobodae","Turbinicarpus_swobodae",7.76411091676765
"Epithelantha_bokei","Epithelantha_bokei",6.9934833843525
"Epithelantha_micromeris","Epithelantha_micromeris",6.9934833843525
"Ferocactus_lindsayi","Ferocactus_lindsayi",4.50679533634227
"Thelocactus_lausseri","Thelocactus_lausseri",4.05240572427167
"Sclerocactus_polyancistrus","Sclerocactus_polyancistrus",5.58569929876319
"Sclerocactus_intertextus","Sclerocactus_intertextus",5.58569929876319
"Sclerocactus_unguispinus","Sclerocactus_unguispinus",5.21621178365382
"Sclerocactus_glaucus","Sclerocactus_glaucus",5.19195148199544
"Sclerocactus_parviflorus","Sclerocactus_parviflorus",5.19195148199544
"Sclerocactus_whipplei","Sclerocactus_whipplei",4.80755204490658
"Sclerocactus_spinosior","Sclerocactus_spinosior",4.80755204490658
"Sclerocactus_brevihamatus","Sclerocactus_brevihamatus",4.02471806793001
"Ferocactus_viridescens","Ferocactus_viridescens",3.78031792724014
"Ferocactus_fordii","Ferocactus_fordii",3.78031792724014
"Ferocactus_emoryi","Ferocactus_emoryi",3.46773740013848
"Thelocactus_bicolor","Thelocactus_bicolor",2.7497862003158
"Ferocactus_macrodiscus","Ferocactus_macrodiscus",6.42610773880882
"Thelocactus_hexaedrophorus","Thelocactus_hexaedrophorus",6.42610773880882
"Stenocactus_coptonogonus","Stenocactus_coptonogonus",6.11334328474975
"Thelocactus_leucacanthus","Thelocactus_leucacanthus",6.10812885784028
"Thelocactus_hastifer","Thelocactus_hastifer",6.10812885784028
"Ferocactus_herrerae","Ferocactus_herrerae",6.10696877097014
"Ferocactus_pottsii","Ferocactus_pottsii",6.10696877097014
"Ferocactus_echidne","Ferocactus_echidne",5.79734307258313
"Thelocactus_tulensis","Thelocactus_tulensis",5.14232639680207
"Ferocactus_pilosus","Ferocactus_pilosus",4.81238781210995
"Thelocactus_conothelos","Thelocactus_conothelos",5.11967691657278
"Thelocactus_macdowellii","Thelocactus_macdowellii",5.11967691657278
"Ferocactus_robustus","Ferocactus_robustus",4.80305860987175
"Ferocactus_wislizeni","Ferocactus_wislizeni",4.47129020523313
"Ferocactus_cylindraceus","Ferocactus_cylindraceus",4.47129020523313
"Ferocactus_alamosanus","Ferocactus_alamosanus",4.80401842639272
"Ferocactus_histrix","Ferocactus_histrix",4.80401842639272
"Ferocactus_glaucescens","Ferocactus_glaucescens",4.48406700768947
"Leuchtenbergia_principis","Leuchtenbergia_principis",4.15153701083811
"Stenocactus_phyllacanthus","Stenocactus_phyllacanthus",5.926558354497
"Stenocactus_multicostatus","Stenocactus_multicostatus",5.926558354497
"Stenocactus_ochoterenanus","Stenocactus_ochoterenanus",5.46332758453848
"Stenocactus_crispatus","Stenocactus_crispatus",5.45206358667985
"Stenocactus_vaupelianus","Stenocactus_vaupelianus",5.45206358667985
"Stenocactus_obvallatus","Stenocactus_obvallatus",4.48185317284042
"Ferocactus_schwarzii","Ferocactus_schwarzii",4.14334936633913
"Ferocactus_flavovirens","Ferocactus_flavovirens",3.8095214121792
"Thelocactus_rinconensis","Thelocactus_rinconensis",3.12790618812464
"Ferocactus_hamatacanthus","Ferocactus_hamatacanthus",4.07698487649445
"Ferocactus_haematacanthus","Ferocactus_haematacanthus",4.07698487649445
"Thelocactus_setispinus","Thelocactus_setispinus",3.7700591139302
"Ferocactus_latispinus","Ferocactus_latispinus",3.44318742848378
"Ferocactus_uncinatus","Ferocactus_uncinatus",3.10502184030043
"Ferocactus_gracilis","Ferocactus_gracilis",3.42942952571677
"Ferocactus_santa-maria","Ferocactus_santa-maria",3.42942952571677
"Ferocactus_townsendianus","Ferocactus_townsendianus",3.41957841674427
"Ferocactus_peninsulae","Ferocactus_peninsulae",3.41957841674427
"Ferocactus_chrysacanthus","Ferocactus_chrysacanthus",2.8626865724401
"Ferocactus_diguetii","Ferocactus_diguetii",2.56717186056258
"Ferocactus_johnstonianus","Ferocactus_johnstonianus",2.26522193637343
"Echinocactus_polycephalus","Echinocactus_polycephalus",1.60724462014438
"Echinocactus_grusonii","Echinocactus_grusonii",1.44092494389701
"Astrophytum_coahuilense","Astrophytum_coahuilense",2.49249644808874
"Astrophytum_asterias","Astrophytum_asterias",2.49249644808874
"Astrophytum_capricorne","Astrophytum_capricorne",2.34565114807374
"Astrophytum_caput-medusae","Astrophytum_caput-medusae",2.19715829891152
"Astrophytum_myriostigma","Astrophytum_myriostigma",2.19454955301993
"Astrophytum_ornatum","Astrophytum_ornatum",2.19454955301993
"Echinocactus_platyacanthus","Echinocactus_platyacanthus",2.05024379320387
"Echinocactus_texensis","Echinocactus_texensis",2.05024379320387
"Echinocactus_horizonthalonius","Echinocactus_horizonthalonius",1.74467851922091
"Echinocactus_parryi","Echinocactus_parryi",1.59026578136797
"Aztekium_ritteri","Aztekium_ritteri",1.732753551049
"Aztekium_hintonii","Aztekium_hintonii",1.732753551049
"Geohintonia_mexicana","Geohintonia_mexicana",1.5857715834266
"Blossfeldia_liliputana","Blossfeldia_liliputana",0.891841073261565
"Maihuenia_poeppigii","Maihuenia_poeppigii",0.810192940714229
"Maihuenia_patagonica","Maihuenia_patagonica",0.810192940714229
"Opuntia_chlorotica","Opuntia_chlorotica",7.87370932999978
"Opuntia_gosseliniana","Opuntia_gosseliniana",7.87370932999978
"Opuntia_strigil","Opuntia_strigil",7.49759887013675
"Opuntia_macrocentra","Opuntia_macrocentra",7.45340961564181
"Opuntia_aureispina","Opuntia_aureispina",7.45340961564181
"Opuntia_macrorhiza","Opuntia_macrorhiza",7.80675968146616
"Opuntia_pottsii","Opuntia_pottsii",7.80675968146616
"Opuntia_pusilla","Opuntia_pusilla",7.45159211010394
"Opuntia_humifusa","Opuntia_humifusa",7.09227365438751
"Opuntia_pycnantha","Opuntia_pycnantha",7.5036390440769
"Opuntia_bravoana","Opuntia_bravoana",7.5036390440769
"Opuntia_lagunae","Opuntia_lagunae",7.51324614111506
"Opuntia_oricola","Opuntia_oricola",7.51324614111506
"Opuntia_stricta","Opuntia_stricta",7.12446509220634
"Opuntia_scheeri","Opuntia_scheeri",7.12446509220634
"Opuntia_engelmannii","Opuntia_engelmannii",6.32839681746589
"Opuntia_rufida","Opuntia_rufida",6.32839681746589
"Opuntia_phaeacantha","Opuntia_phaeacantha",7.12130699183076
"Opuntia_rastrera","Opuntia_rastrera",7.12130699183076
"Opuntia_microdasys","Opuntia_microdasys",6.76380928942416
"Opuntia_boldinghii","Opuntia_boldinghii",6.34685218309254
"Opuntia_leucotricha","Opuntia_leucotricha",6.28806557762101
"Opuntia_stenopetala","Opuntia_stenopetala",6.28806557762101
"Opuntia_streptacantha","Opuntia_streptacantha",7.89874459966273
"Opuntia_ficus-indica","Opuntia_ficus-indica",7.89874459966273
"Opuntia_tapona","Opuntia_tapona",7.56006094945831
"Opuntia_fuliginosa","Opuntia_fuliginosa",7.18795894264912
"Opuntia_excelsa","Opuntia_excelsa",6.80589395399187
"Opuntia_littoralis","Opuntia_littoralis",7.57706016453353
"Opuntia_wilcoxii","Opuntia_wilcoxii",7.57706016453353
"Opuntia_guilanchi","Opuntia_guilanchi",7.24256131300338
"Opuntia_atrispina","Opuntia_atrispina",6.8239333135098
"Opuntia_pittieri","Opuntia_pittieri",7.08946005436399
"Opuntia_lasiacantha","Opuntia_lasiacantha",7.08946005436399
"Opuntia_hyptiacantha","Opuntia_hyptiacantha",6.7139831684534
"Opuntia_tomentosa","Opuntia_tomentosa",7.0946817212185
"Opuntia_soederstromiana","Opuntia_soederstromiana",7.0946817212185
"Opuntia_schumannii","Opuntia_schumannii",6.71701774426746
"Opuntia_pubescens","Opuntia_pubescens",7.24424706589909
"Opuntia_tehuacana","Opuntia_tehuacana",7.24424706589909
"Opuntia_velutina","Opuntia_velutina",6.85482724145336
"Opuntia_auberi","Opuntia_auberi",6.84844089330055
"Opuntia_pilifera","Opuntia_pilifera",6.84844089330055
"Opuntia_chaffeyi","Opuntia_chaffeyi",6.29926996505833
"Opuntia_megarrhiza","Opuntia_megarrhiza",6.29926996505833
"Opuntia_deamii","Opuntia_deamii",4.5652764749904
"Opuntia_pinkavae","Opuntia_pinkavae",5.29827391417492
"Opuntia_fragilis","Opuntia_fragilis",5.29827391417492
"Opuntia_polyacantha","Opuntia_polyacantha",4.92667214286412
"Opuntia_aurea","Opuntia_aurea",4.52722679510909
"Opuntia_cochenillifera","Opuntia_cochenillifera",6.43976835466438
"Opuntia_robusta","Opuntia_robusta",6.43976835466438
"Opuntia_aurantiaca","Opuntia_aurantiaca",6.43031190674183
"Opuntia_dejecta","Opuntia_dejecta",6.43031190674183
"Opuntia_inaperta","Opuntia_inaperta",6.43238117349873
"Opuntia_gaumeri","Opuntia_gaumeri",6.43238117349873
"Opuntia_lutea","Opuntia_lutea",6.04656073703331
"Opuntia_triacantha","Opuntia_triacantha",6.0862590976363
"Opuntia_caracassana","Opuntia_caracassana",6.0862590976363
"Opuntia_repens","Opuntia_repens",5.67862342834339
"Opuntia_elatior","Opuntia_elatior",5.21947888917293
"Opuntia_sanguinea","Opuntia_sanguinea",5.21947888917293
"Opuntia_guatemalensis","Opuntia_guatemalensis",4.44564973127904
"Opuntia_ventanensis","Opuntia_ventanensis",4.03839065338393
"Opuntia_depressa","Opuntia_depressa",4.06588377423759
"Opuntia_decumbens","Opuntia_decumbens",4.06588377423759
"Opuntia_puberula","Opuntia_puberula",3.61173264537898
"Opuntia_quimilo","Opuntia_quimilo",4.91773174042051
"Opuntia_quitensis","Opuntia_quitensis",4.91773174042051
"Opuntia_megapotamica","Opuntia_megapotamica",4.57196657945893
"Opuntia_bonaerensis","Opuntia_bonaerensis",4.20222868942647
"Opuntia_elata","Opuntia_elata",3.83056934594065
"Opuntia_retrorsa","Opuntia_retrorsa",3.44397097242583
"Opuntia_arechavaletae","Opuntia_arechavaletae",3.79792585875648
"Opuntia_monacantha","Opuntia_monacantha",3.79792585875648
"Opuntia_galapageia","Opuntia_galapageia",3.4343510181084
"Tunilla_erectoclada","Tunilla_erectoclada",4.62930524589062
"Tunilla_corrugata","Tunilla_corrugata",4.62930524589062
"Tunilla_soehrensii","Tunilla_soehrensii",4.26095117824192
"Miqueliopuntia_miquelii","Miqueliopuntia_miquelii",3.89065946504735
"Opuntia_salmiana","Opuntia_salmiana",3.48047936828204
"Tacinga_funalis","Tacinga_funalis",4.58601810679518
"Tacinga_inamoena","Tacinga_inamoena",4.58601810679518
"Tacinga_saxatilis","Tacinga_saxatilis",4.22196628715445
"Tacinga_palmadora","Tacinga_palmadora",3.84763927651378
"Brasiliopuntia_brasiliensis","Brasiliopuntia_brasiliensis",3.46234334953559
"Consolea_moniliformis","Consolea_moniliformis",2.95436760846733
"Consolea_spinosissima","Consolea_spinosissima",2.95436760846733
"Opuntia_discolor","Opuntia_discolor",2.56354474651031
"Opuntia_sulphurea","Opuntia_sulphurea",2.56354474651031
"Opuntia_basilaris","Opuntia_basilaris",2.21635716140381
"Cylindropuntia_santamaria","Cylindropuntia_santamaria",8.35196883803223
"Cylindropuntia_acanthocarpa","Cylindropuntia_acanthocarpa",8.35196883803223
"Cylindropuntia_munzii","Cylindropuntia_munzii",7.99191243595473
"Cylindropuntia_echinocarpa","Cylindropuntia_echinocarpa",7.62093123864348
"Cylindropuntia_sanfelipensis","Cylindropuntia_sanfelipensis",7.24601308494978
"Cylindropuntia_wolfii","Cylindropuntia_wolfii",7.96631444684094
"Cylindropuntia_prolifera","Cylindropuntia_prolifera",7.96631444684094
"Cylindropuntia_ganderi","Cylindropuntia_ganderi",7.61211844475063
"Cylindropuntia_arbuscula","Cylindropuntia_arbuscula",7.24635173723514
"Cylindropuntia_alcahes","Cylindropuntia_alcahes",6.9086875500033
"Cylindropuntia_imbricata","Cylindropuntia_imbricata",6.9086875500033
"Cylindropuntia_spinosior","Cylindropuntia_spinosior",7.22937395409817
"Cylindropuntia_thurberi","Cylindropuntia_thurberi",7.22937395409817
"Cylindropuntia_versicolor","Cylindropuntia_versicolor",6.87328295575179
"Cylindropuntia_molesta","Cylindropuntia_molesta",6.48896565758663
"Cylindropuntia_californica","Cylindropuntia_californica",5.64362952063151
"Cylindropuntia_kleiniae","Cylindropuntia_kleiniae",5.95531201873609
"Cylindropuntia_leptocaulis","Cylindropuntia_leptocaulis",5.95531201873609
"Cylindropuntia_lindsayi","Cylindropuntia_lindsayi",5.61162604534561
"Cylindropuntia_anteojoensis","Cylindropuntia_anteojoensis",5.98376986584939
"Cylindropuntia_ramosissima","Cylindropuntia_ramosissima",5.98376986584939
"Cylindropuntia_tesajo","Cylindropuntia_tesajo",5.62479511488389
"Cylindropuntia_fulgida","Cylindropuntia_fulgida",5.60614854608669
"Cylindropuntia_cholla","Cylindropuntia_cholla",5.60614854608669
"Cylindropuntia_bigelovii","Cylindropuntia_bigelovii",5.09898633924401
"Cylindropuntia_ciribe","Cylindropuntia_ciribe",5.09898633924401
"Cylindropuntia_rosea","Cylindropuntia_rosea",5.10687731610691
"Cylindropuntia_tunicata","Cylindropuntia_tunicata",5.10687731610691
"Grusonia_aggeria","Grusonia_aggeria",7.13182504442676
"Grusonia_schottii","Grusonia_schottii",7.13182504442676
"Grusonia_grahamii","Grusonia_grahamii",6.74097890423728
"Grusonia_emoryi","Grusonia_emoryi",6.3241360263767
"Grusonia_moelleri","Grusonia_moelleri",6.32326387224038
"Grusonia_parishii","Grusonia_parishii",6.32326387224038
"Grusonia_bulbispina","Grusonia_bulbispina",5.55547356590501
"Grusonia_marenae","Grusonia_marenae",5.15685721595696
"Grusonia_invicta","Grusonia_invicta",5.12569109325918
"Grusonia_vilis","Grusonia_vilis",5.12569109325918
"Grusonia_clavata","Grusonia_clavata",5.11500581538433
"Grusonia_bradtiana","Grusonia_bradtiana",5.11500581538433
"Grusonia_kunzei","Grusonia_kunzei",4.73161563711257
"Pereskiopsis_diguetii","Pereskiopsis_diguetii",4.63674028345928
"Pereskiopsis_porteri","Pereskiopsis_porteri",4.63674028345928
"Pereskiopsis_aquosa","Pereskiopsis_aquosa",4.2674990094638
"Grusonia_pulchella","Grusonia_pulchella",3.88734655008322
"Quiabentia_verticillata","Quiabentia_verticillata",2.87811029227835
"Pereskiopsis_rotundifolia","Pereskiopsis_rotundifolia",2.33662513652494
"Cumulopuntia_boliviana","Cumulopuntia_boliviana",5.82339731115099
"Cumulopuntia_chichensis","Cumulopuntia_chichensis",5.82339731115099
"Cumulopuntia_rossiana","Cumulopuntia_rossiana",5.4495591895414
"Cumulopuntia_iturbicola","Cumulopuntia_iturbicola",5.07543678843788
"Cumulopuntia_corotilla","Cumulopuntia_corotilla",5.43739757777701
"Cumulopuntia_subterranea","Cumulopuntia_subterranea",5.43739757777701
"Cumulopuntia_ignota","Cumulopuntia_ignota",5.07986609650535
"Cumulopuntia_sphaerica","Cumulopuntia_sphaerica",4.67413412902022
"Cumulopuntia_leucophaea","Cumulopuntia_leucophaea",4.67413412902022
"Austrocylindropuntia_pachypus","Austrocylindropuntia_pachypus",5.64621828694073
"Austrocylindropuntia_cylindrica","Austrocylindropuntia_cylindrica",5.64621828694073
"Austrocylindropuntia_subulata","Austrocylindropuntia_subulata",5.22936857029372
"Austrocylindropuntia_shaferi","Austrocylindropuntia_shaferi",5.16525488927137
"Austrocylindropuntia_vestita","Austrocylindropuntia_vestita",5.16525488927137
"Austrocylindropuntia_floccosa","Austrocylindropuntia_floccosa",4.36616259516676
"Punotia_lagopus","Punotia_lagopus",3.41634952954349
"Tephrocactus_nigrispinus","Tephrocactus_nigrispinus",4.88784797299308
"Tephrocactus_verschaffeltii","Tephrocactus_verschaffeltii",4.88784797299308
"Tephrocactus_weberi","Tephrocactus_weberi",4.46739258358802
"Tephrocactus_aoracanthus","Tephrocactus_aoracanthus",4.75353166873817
"Tephrocactus_articulatus","Tephrocactus_articulatus",4.75353166873817
"Tephrocactus_alexanderi","Tephrocactus_alexanderi",4.3761115914107
"Tephrocactus_bonnieae","Tephrocactus_bonnieae",4.26446689224018
"Tephrocactus_recurvatus","Tephrocactus_recurvatus",4.26446689224018
"Tephrocactus_molinensis","Tephrocactus_molinensis",3.89711178289316
"Maihueniopsis_platyacantha","Maihueniopsis_platyacantha",6.68011581399473
"Maihueniopsis_ovata","Maihueniopsis_ovata",6.68011581399473
"Maihueniopsis_glochidiata","Maihueniopsis_glochidiata",6.29758025739011
"Maihueniopsis_molfinoi","Maihueniopsis_molfinoi",5.91446914124313
"Maihueniopsis_conoidea","Maihueniopsis_conoidea",5.90995268376408
"Maihueniopsis_archiconoidea","Maihueniopsis_archiconoidea",5.90995268376408
"Maihueniopsis_glomerata","Maihueniopsis_glomerata",5.13854189310057
"Maihueniopsis_darwinii","Maihueniopsis_darwinii",5.10722574445635
"Maihueniopsis_hickenii","Maihueniopsis_hickenii",5.10722574445635
"Maihueniopsis_atacamensis","Maihueniopsis_atacamensis",5.19873849599963
"Maihueniopsis_colorea","Maihueniopsis_colorea",5.19873849599963
"Maihueniopsis_minuta","Maihueniopsis_minuta",4.77199305119608
"Maihueniopsis_domeykoensis","Maihueniopsis_domeykoensis",3.88052024053854
"Maihueniopsis_clavarioides","Maihueniopsis_clavarioides",3.41748648199242
"Pterocactus_tuberosus","Pterocactus_tuberosus",3.70905831253934
"Pterocactus_gonjianii","Pterocactus_gonjianii",3.70905831253934
"Pterocactus_valentinii","Pterocactus_valentinii",3.33311892495733
"Pereskia_sacharosa","Pereskia_sacharosa",0.868454303926033
"Pereskia_nemorosa","Pereskia_nemorosa",0.868454303926033
"Pereskia_stenantha","Pereskia_stenantha",0.843783983265491
"Pereskia_bahiensis","Pereskia_bahiensis",0.843783983265491
"Pereskia_grandifolia","Pereskia_grandifolia",0.626662422105755
"Pereskia_diaz-romeroana","Pereskia_diaz-romeroana",0.700297529870991
"Pereskia_weberiana","Pereskia_weberiana",0.700297529870991
"Pereskia_aculeata","Pereskia_aculeata",0.601821243869199
"Leuenbergeria_marcanoi","Leuenbergeria_marcanoi",0.71135412654668
"Leuenbergeria_portulacifolia","Leuenbergeria_portulacifolia",0.71135412654668
"Leuenbergeria_zinniiflora","Leuenbergeria_zinniiflora",0.606686281139873
"Leuenbergeria_bleo","Leuenbergeria_bleo",0.499337393340966
"Leuenbergeria_aureiflora","Leuenbergeria_aureiflora",0.496016059098263
"Leuenbergeria_guamacho","Leuenbergeria_guamacho",0.496016059098263
"Leuenbergeria_lychnidiflora","Leuenbergeria_lychnidiflora",0.266748838197361
