"label","log_len"
"Arrojadoa_rhodantha",1.25276296849537
"Arthrocereus_glaziovii",1.79175946922805
"Arthrocereus_rondonianus",2.07944154167984
"Arthrocereus_spinosissimus",1.94591014905531
"Brasilicereus_markgrafii",1.79175946922805
"Browningia_altissima",1.79175946922805
"Browningia_candelaris",2.484906649788
"Cereus_aethiops",2.99573227355399
"Cereus_bicolor",2.94443897916644
"Cereus_fernambucensis",2.99573227355399
"Cereus_hankeanus",2.484906649788
"Cereus_hexagonus",3.2188758248682
"Cereus_hildmannianus",3.40119738166216
"Cereus_insularis",2.70805020110221
"Cereus_jamacaru",2.484906649788
"Cereus_mortensenii",1.79175946922805
"Cereus_repandus",2.70805020110221
"Cereus_saddianus",2.07944154167984
"Cereus_spegazzinii",2.56494935746154
"Cipocereus_bradei",2.01490302054226
"Cipocereus_crassisepalus",2.01490302054226
"Cipocereus_minensis",1.6094379124341
"Cleistocactus_baumannii",1.94591014905531
"Cleistocactus_laniceps",1.25276296849537
"Cleistocactus_parviflorus",1.38629436111989
"Cleistocactus_ritteri",1.38629436111989
"Cleistocactus_samaipatanus",1.25276296849537
"Cleistocactus_smaragdiflorus",1.6094379124341
"Coleocephalocereus_fluminensis",1.94591014905531
"Coleocephalocereus_goebelianus",1.6094379124341
"Discocactus_zehntneri",2.19722457733622
"Echinopsis_ancistrophora",2.77258872223978
"Echinopsis_angelesiae",2.99573227355399
"Echinopsis_atacamensis",3.17805383034795
"Echinopsis_aurea",2.19722457733622
"Echinopsis_backebergii",1.70474809223843
"Echinopsis_calochlora",2.77258872223978
"Echinopsis_camarguensis",2.99573227355399
"Echinopsis_candicans",3.13549421592915
"Echinopsis_chamaecereus",1.94591014905531
"Echinopsis_chiloensis",2.63905732961526
"Echinopsis_chrysantha",1.6094379124341
"Echinopsis_coquimbana",2.484906649788
"Echinopsis_densispina",2.14006616349627
"Echinopsis_deserticola",2.07944154167984
"Echinopsis_ferox",2.30258509299405
"Echinopsis_formosa",2.19722457733622
"Echinopsis_hahniana",2.83321334405622
"Echinopsis_hertrichiana",1.79175946922805
"Echinopsis_huascha",2.30258509299405
"Echinopsis_lageniformis",2.89037175789616
"Echinopsis_lateritia",1.6094379124341
"Echinopsis_leucantha",2.99573227355399
"Echinopsis_mamillosa",2.89037175789616
"Echinopsis_marsoneri",1.79175946922805
"Echinopsis_maximiliana",2.07944154167984
"Echinopsis_mirabilis",2.484906649788
"Echinopsis_obrepanda",2.99573227355399
"Echinopsis_oxygona",3.09104245335832
"Echinopsis_pachanoi",3.17805383034795
"Echinopsis_pentlandii",1.79175946922805
"Echinopsis_pugionacantha",1.50407739677627
"Echinopsis_saltensis",1.38629436111989
"Echinopsis_schickendantzii",3.09104245335832
"Echinopsis_spiniflora",1.38629436111989
"Echinopsis_strigosa",2.99573227355399
"Echinopsis_tacaquirensis",3.13549421592915
"Echinopsis_tarijensis",2.484906649788
"Echinopsis_tegeleriana",1.38629436111989
"Echinopsis_terscheckii",2.99573227355399
"Echinopsis_thelegona",0.693147180559945
"Echinopsis_thelegonoides",3.17805383034795
"Echinopsis_thionantha",1.50407739677627
"Echinopsis_tiegeliana",0.916290731874155
"Echinopsis_vasquezii",3.09104245335832
"Echinopsis_volliana",2.484906649788
"Echinopsis_walteri",2.19722457733622
"Echinopsis_yuquina",1.38629436111989
"Espostoa_guentheri",2.07944154167984
"Espostoa_lanata",1.70474809223843
"Espostoopsis_dybowskii",1.38629436111989
"Facheiroa_squamosa",1.50407739677627
"Facheiroa_ulei",1.50407739677627
"Gymnocalycium_andreae",1.09861228866811
"Gymnocalycium_baldianum",1.6094379124341
"Gymnocalycium_bayrianum",1.79175946922805
"Gymnocalycium_berchtii",2.06686275947298
"Gymnocalycium_bodenbenderianum",1.79175946922805
"Gymnocalycium_bruchii",1.6094379124341
"Gymnocalycium_calochlorum",1.79175946922805
"Gymnocalycium_capillense",1.94591014905531
"Gymnocalycium_castellanosii",1.50407739677627
"Gymnocalycium_chiquitanum",1.94591014905531
"Gymnocalycium_denudatum",1.6094379124341
"Gymnocalycium_erinaceum",1.70474809223843
"Gymnocalycium_eurypleurum",1.09861228866811
"Gymnocalycium_gibbosum",1.79175946922805
"Gymnocalycium_glaucum",1.50407739677627
"Gymnocalycium_marsoneri",1.25276296849537
"Gymnocalycium_mesopotamicum",1.94591014905531
"Gymnocalycium_mihanovichii",1.6094379124341
"Gymnocalycium_monvillei",2.07944154167984
"Gymnocalycium_mostii",2.07944154167984
"Gymnocalycium_ochoterenae",1.25276296849537
"Gymnocalycium_oenanthemum",1.6094379124341
"Gymnocalycium_paraguayense",1.6094379124341
"Gymnocalycium_pugionacanthum",1.38629436111989
"Gymnocalycium_quehlianum",1.79175946922805
"Gymnocalycium_ritterianum",1.87180217690159
"Gymnocalycium_saglionis",1.25276296849537
"Gymnocalycium_schickendantzii",1.6094379124341
"Gymnocalycium_spegazzinii",1.94591014905531
"Gymnocalycium_stenopleurum",1.94591014905531
"Gymnocalycium_striglianum",1.6094379124341
"Gymnocalycium_uebelmannianum",1.25276296849537
"Haageocereus_decumbens",2.07944154167984
"Harrisia_adscendens",2.89037175789616
"Harrisia_earlei",2.99573227355399
"Harrisia_martinii",2.99573227355399
"Harrisia_pomanensis",2.70805020110221
"Harrisia_tetracantha",3.09104245335832
"Harrisia_tortuosa",2.77258872223978
"Lasiocereus_fulvus",1.79175946922805
"Lasiocereus_rupicola",1.6094379124341
"Leocereus_bahiensis",1.7404661748405
"Matucana_aurantiaca",2.07944154167984
"Matucana_haynei",2.19722457733622
"Matucana_intertexta",2.35137525716348
"Matucana_madisoniorum",2.30258509299405
"Melocactus_curvispinus",1.45861502269952
"Melocactus_intortus",0.693147180559945
"Melocactus_oreas",0.78845736036427
"Melocactus_zehntneri",0.916290731874155
"Micranthocereus_albicephalus",1.6094379124341
"Micranthocereus_auriazureus",0.587786664902119
"Mila_caespitosa",0.693147180559945
"Oreocereus_celsianus",2.19722457733622
"Oreocereus_hempelianus",1.94591014905531
"Oreocereus_leucotrichus",2.30258509299405
"Oreocereus_trollii",1.38629436111989
"Oroya_peruviana",1.09861228866811
"Pilosocereus_albisummus",1.45861502269952
"Pilosocereus_arrabidae",1.94591014905531
"Pilosocereus_aureispinus",1.6094379124341
"Pilosocereus_aurisetus",1.6094379124341
"Pilosocereus_azulensis",1.90210752639692
"Pilosocereus_brasiliensis",1.50407739677627
"Pilosocereus_catingicola",1.90210752639692
"Pilosocereus_chrysacanthus",2.07944154167984
"Pilosocereus_densiareolatus",1.79175946922805
"Pilosocereus_flavipulvinatus",1.79175946922805
"Pilosocereus_fulvilanatus",1.79175946922805
"Pilosocereus_glaucochrous",1.64865862558738
"Pilosocereus_lanuginosus",2.01490302054226
"Pilosocereus_leucocephalus",1.79175946922805
"Pilosocereus_machrisii",2.07944154167984
"Pilosocereus_magnificus",1.79175946922805
"Pilosocereus_multicostatus",1.54756250871601
"Pilosocereus_oligolepis",1.94591014905531
"Pilosocereus_pachycladus",1.94591014905531
"Pilosocereus_parvus",2.07944154167984
"Pilosocereus_pentaedrophorus",1.70474809223843
"Pilosocereus_piauhyensis",2.01490302054226
"Pilosocereus_polygonus",1.79175946922805
"Pilosocereus_purpusii",1.94591014905531
"Pilosocereus_pusillibaccatus",0.955511445027436
"Pilosocereus_royenii",1.6094379124341
"Pilosocereus_ulei",1.50407739677627
"Pilosocereus_vilaboensis",1.6094379124341
"Praecereus_euchlorus",2.07944154167984
"Praecereus_saxicola",2.484906649788
"Pygmaeocereus_bylesianus",1.79175946922805
"Rauhocereus_riosaniensis",2.30258509299405
"Rebutia_arenacea",1.09861228866811
"Rebutia_deminuta",1.09861228866811
"Rebutia_einsteinii",0.916290731874155
"Rebutia_fabrisii",0.916290731874155
"Rebutia_fiebrigii",1.25276296849537
"Rebutia_heliosa",1.70474809223843
"Rebutia_mentosa",1.09861228866811
"Rebutia_minuscula",1.38629436111989
"Rebutia_neocumingii",0.916290731874155
"Rebutia_padcayensis",1.38629436111989
"Rebutia_pygmaea",0.993251773010283
"Rebutia_steinmannii",0.693147180559945
"Samaipaticereus_corroanus",1.6094379124341
"Stephanocereus_leucostele",1.94591014905531
"Stetsonia_coryne",2.70805020110221
"Uebelmannia_pectinifera",0.405465108108164
"Yungasocereus_inquisivensis",1.79175946922805
"Acanthocereus_tetragonus",2.99573227355399
"Acharagma_roseanum",0.693147180559945
"Aporocactus_flagelliformis",2.07944154167984
"Aporocactus_martianus",2.484906649788
"Armatocereus_godingianus",2.19722457733622
"Armatocereus_laetus",2.07944154167984
"Armatocereus_matucanensis",2.30258509299405
"Armatocereus_procerus",1.94591014905531
"Astrophytum_asterias",1.38629436111989
"Astrophytum_capricorne",1.94591014905531
"Astrophytum_myriostigma",1.94591014905531
"Astrophytum_ornatum",2.07944154167984
"Austrocactus_bertinii",1.79175946922805
"Austrocactus_philippii",1.6094379124341
"Austrocactus_spiniflorus",2.01490302054226
"Austrocylindropuntia_cylindrica",1.94591014905531
"Austrocylindropuntia_floccosa",1.09861228866811
"Austrocylindropuntia_pachypus",1.94591014905531
"Austrocylindropuntia_shaferi",1.09861228866811
"Austrocylindropuntia_subulata",1.79175946922805
"Austrocylindropuntia_vestita",1.25276296849537
"Aztekium_hintonii",1.09861228866811
"Blossfeldia_liliputana",0.405465108108164
"Brachycereus_nesioticus",2.39789527279837
"Brasiliopuntia_brasiliensis",1.79175946922805
"Calymmanthium_substerile",2.39789527279837
"Carnegiea_gigantea",2.52572864430826
"Castellanosia_caineana",1.6094379124341
"Cephalocereus_apicicephalium",1.79175946922805
"Cephalocereus_columna-trajani",2.01490302054226
"Cephalocereus_senilis",2.19722457733622
"Consolea_moniliformis",1.6094379124341
"Consolea_spinosissima",2.01490302054226
"Copiapoa_calderana",1.25276296849537
"Copiapoa_cinerascens",1.70474809223843
"Copiapoa_coquimbana",1.70474809223843
"Copiapoa_dealbata",1.25276296849537
"Copiapoa_echinoides",1.38629436111989
"Copiapoa_esmeraldana",1.25276296849537
"Copiapoa_fiedleriana",1.09861228866811
"Copiapoa_grandiflora",1.70474809223843
"Copiapoa_longistaminea",1.38629436111989
"Copiapoa_marginata",1.25276296849537
"Copiapoa_megarhiza",1.38629436111989
"Copiapoa_serpentisulcata",1.09861228866811
"Copiapoa_taltalensis",1.43508452528932
"Corryocactus_aureus",1.38629436111989
"Coryphantha_clavata",1.6094379124341
"Coryphantha_compacta",0.693147180559945
"Coryphantha_cornifera",1.94591014905531
"Coryphantha_durangensis",0.693147180559945
"Coryphantha_erecta",1.79175946922805
"Coryphantha_georgii",1.25276296849537
"Coryphantha_glanduligera",1.38629436111989
"Coryphantha_jalpanensis",1.50407739677627
"Coryphantha_longicornis",1.87180217690159
"Coryphantha_macromeris",1.6094379124341
"Coryphantha_ottonis",1.79175946922805
"Coryphantha_pallida",1.94591014905531
"Coryphantha_pseudoechinus",0.78845736036427
"Coryphantha_pulleineana",0.916290731874155
"Coryphantha_pycnacantha",1.38629436111989
"Coryphantha_ramillosa",1.87180217690159
"Coryphantha_recurvata",1.25276296849537
"Coryphantha_retusa",1.6094379124341
"Coryphantha_robustispina",1.87180217690159
"Coryphantha_salinensis",1.94591014905531
"Coryphantha_werdermannii",1.6094379124341
"Coryphantha_wohlschlageri",1.38629436111989
"Cumarinia_odorata",0.693147180559945
"Cumulopuntia_boliviana",1.38629436111989
"Cumulopuntia_chichensis",1.6094379124341
"Cumulopuntia_corotilla",1.25276296849537
"Cumulopuntia_rossiana",1.38629436111989
"Cumulopuntia_sphaerica",1.38629436111989
"Cumulopuntia_subterranea",1.09861228866811
"Cylindropuntia_acanthocarpa",1.09861228866811
"Cylindropuntia_arbuscula",0.693147180559945
"Cylindropuntia_californica",1.09861228866811
"Cylindropuntia_echinocarpa",0.832909122935104
"Cylindropuntia_rosea",1.38629436111989
"Cylindropuntia_tunicata",1.09861228866811
"Dendrocereus_nudiflorus",2.484906649788
"Disocactus_ackermannii",2.63905732961526
"Disocactus_biformis",1.79175946922805
"Disocactus_eichlamii",2.07944154167984
"Disocactus_macdougallii",2.07944154167984
"Disocactus_macranthus",1.79175946922805
"Disocactus_nelsonii",2.07944154167984
"Disocactus_phyllanthoides",2.30258509299405
"Disocactus_quezaltecus",2.19722457733622
"Disocactus_speciosus",2.83321334405622
"Echinocactus_grusonii",1.79175946922805
"Echinocactus_horizonthalonius",1.79175946922805
"Echinocactus_polycephalus",1.6094379124341
"Echinocactus_texensis",1.79175946922805
"Echinocereus_adustus",2.30258509299405
"Echinocereus_barthelowanus",1.6094379124341
"Echinocereus_berlandieri",2.07944154167984
"Echinocereus_bonkerae",1.82454929205105
"Echinocereus_brandegeei",2.2512917986065
"Echinocereus_bristolii",2.14006616349627
"Echinocereus_cinerascens",2.30258509299405
"Echinocereus_coccineus",2.30258509299405
"Echinocereus_enneacanthus",2.07944154167984
"Echinocereus_fasciculatus",1.82454929205105
"Echinocereus_fendleri",1.82454929205105
"Echinocereus_grandis",1.94591014905531
"Echinocereus_klapperi",1.94591014905531
"Echinocereus_knippelianus",1.38629436111989
"Echinocereus_laui",1.82454929205105
"Echinocereus_leucanthus",1.38629436111989
"Echinocereus_longisetus",1.94591014905531
"Echinocereus_mapimiensis",1.50407739677627
"Echinocereus_metornii",2.2512917986065
"Echinocereus_nicholii",1.82454929205105
"Echinocereus_nivosus",1.79175946922805
"Echinocereus_ortegae",2.30258509299405
"Echinocereus_palmeri",1.70474809223843
"Echinocereus_pamanesii",2.19722457733622
"Echinocereus_papillosus",2.19722457733622
"Echinocereus_parkeri",1.70474809223843
"Echinocereus_pectinatus",2.70805020110221
"Echinocereus_pentalophus",2.30258509299405
"Echinocereus_polyacanthus",2.63905732961526
"Echinocereus_poselgeri",1.79175946922805
"Echinocereus_primolanatus",2.19722457733622
"Echinocereus_pseudopectinatus",2.39789527279837
"Echinocereus_pulchellus",1.79175946922805
"Echinocereus_rayonesensis",1.79175946922805
"Echinocereus_reichenbachii",2.484906649788
"Echinocereus_rigidissimus",1.94591014905531
"Echinocereus_russanthus",1.09861228866811
"Echinocereus_scheeri",2.484906649788
"Echinocereus_schereri",2.19722457733622
"Echinocereus_schmollii",1.6094379124341
"Echinocereus_sciurus",2.07944154167984
"Echinocereus_scopulorum",2.14006616349627
"Echinocereus_spinigemmatus",1.6094379124341
"Echinocereus_stolonifer",2.01490302054226
"Echinocereus_stramineus",2.52572864430826
"Echinocereus_subinermis",2.30258509299405
"Echinocereus_triglochidiatus",2.19722457733622
"Echinocereus_viereckii",2.39789527279837
"Echinocereus_websterianus",1.79175946922805
"Epiphyllum_cartagense",2.89037175789616
"Epiphyllum_hookeri",3.13549421592915
"Epiphyllum_oxypetalum",3.40119738166216
"Epiphyllum_phyllanthus",3.40119738166216
"Epiphyllum_pumilum",2.70805020110221
"Epiphyllum_thomasianum",3.52636052461616
"Epithelantha_bokei",0.182321556793955
"Eriosyce_aurata",1.25276296849537
"Eriosyce_bulbocalyx",0.916290731874155
"Eriosyce_crispa",1.6094379124341
"Eriosyce_curvispina",1.70474809223843
"Eriosyce_engleri",1.79175946922805
"Eriosyce_esmeraldana",1.09861228866811
"Eriosyce_garaventae",1.6094379124341
"Eriosyce_heinrichiana",1.6094379124341
"Eriosyce_islayensis",1.38629436111989
"Eriosyce_laui",0.693147180559945
"Eriosyce_occulta",1.38629436111989
"Eriosyce_odieri",1.38629436111989
"Eriosyce_rodentiophila",1.38629436111989
"Eriosyce_senilis",1.09861228866811
"Eriosyce_strausiana",1.38629436111989
"Eriosyce_taltalensis",1.38629436111989
"Eriosyce_villicumensis",1.25276296849537
"Escobaria_chihuahuensis",0.693147180559945
"Escobaria_dasyacantha",0.693147180559945
"Escobaria_duncanii",1.09861228866811
"Escobaria_hesteri",0.832909122935104
"Escobaria_laredoi",0.53062825106217
"Escobaria_tuberculosa",1.09861228866811
"Escobaria_vivipara",1.79175946922805
"Escobaria_zilziana",1.09861228866811
"Eulychnia_acida",1.94591014905531
"Eulychnia_breviflora",1.94591014905531
"Eulychnia_castanea",1.70474809223843
"Eulychnia_iquiquensis",1.87180217690159
"Eulychnia_ritteri",2.01490302054226
"Ferocactus_alamosanus",1.50407739677627
"Ferocactus_chrysacanthus",1.50407739677627
"Ferocactus_cylindraceus",1.79175946922805
"Ferocactus_diguetii",1.38629436111989
"Ferocactus_echidne",1.50407739677627
"Ferocactus_emoryi",2.01490302054226
"Ferocactus_flavovirens",1.09861228866811
"Ferocactus_fordii",1.09861228866811
"Ferocactus_glaucescens",1.50407739677627
"Ferocactus_gracilis",1.38629436111989
"Ferocactus_haematacanthus",1.94591014905531
"Ferocactus_hamatacanthus",2.30258509299405
"Ferocactus_herrerae",1.79175946922805
"Ferocactus_histrix",1.25276296849537
"Ferocactus_johnstonianus",1.6094379124341
"Ferocactus_latispinus",1.38629436111989
"Ferocactus_lindsayi",1.6094379124341
"Ferocactus_macrodiscus",1.38629436111989
"Ferocactus_peninsulae",1.79175946922805
"Ferocactus_pilosus",1.38629436111989
"Ferocactus_pottsii",1.50407739677627
"Ferocactus_robustus",1.38629436111989
"Ferocactus_santa-maria",1.79175946922805
"Ferocactus_schwarzii",1.6094379124341
"Ferocactus_townsendianus",1.79175946922805
"Ferocactus_uncinatus",1.38629436111989
"Ferocactus_viridescens",1.6094379124341
"Ferocactus_wislizeni",1.6094379124341
"Frailea_gracillima",1.09861228866811
"Frailea_pumila",0.693147180559945
"Frailea_schilinzkyana",1.25276296849537
"Grusonia_aggeria",0.916290731874155
"Grusonia_bradtiana",1.38629436111989
"Grusonia_clavata",0.916290731874155
"Grusonia_emoryi",1.09861228866811
"Grusonia_grahamii",0.916290731874155
"Grusonia_invicta",1.79175946922805
"Grusonia_kunzei",0.693147180559945
"Grusonia_moelleri",1.79175946922805
"Grusonia_parishii",0.78845736036427
"Grusonia_pulchella",0.916290731874155
"Grusonia_schottii",0.693147180559945
"Grusonia_vilis",1.38629436111989
"Hatiora_herminiae",0.693147180559945
"Hatiora_salicornioides",0.693147180559945
"Hylocereus_calcaratus",3.61091791264422
"Hylocereus_costaricensis",3.40119738166216
"Hylocereus_escuintlensis",3.43398720448515
"Hylocereus_guatemalensis",3.40119738166216
"Hylocereus_minutiflorus",1.25276296849537
"Hylocereus_monacanthus",3.3322045101752
"Hylocereus_ocamponis",3.40119738166216
"Hylocereus_stenopterus",2.30258509299405
"Hylocereus_triangularis",2.99573227355399
"Hylocereus_undatus",3.29583686600433
"Jasminocereus_thouarsii",2.19722457733622
"Lepismium_cruciforme",0.262364264467491
"Lepismium_houlletianum",0.693147180559945
"Lepismium_lumbricoides",0.78845736036427
"Lepismium_warmingianum",0.693147180559945
"Leptocereus_leonii",1.25276296849537
"Leptocereus_quadricostatus",1.38629436111989
"Leuchtenbergia_principis",2.07944154167984
"Lymanbensonia_brevispina",0
"Maihueniopsis_atacamensis",1.38629436111989
"Maihueniopsis_clavarioides",1.38629436111989
"Maihueniopsis_darwinii",1.6094379124341
"Maihueniopsis_domeykoensis",2.07944154167984
"Maihueniopsis_glomerata",1.6094379124341
"Maihueniopsis_minuta",1.50407739677627
"Maihueniopsis_ovata",1.50407739677627
"Mammillaria_albicoma",0.405465108108164
"Mammillaria_albiflora",1.25276296849537
"Mammillaria_albilanata",-0.356674943938732
"Mammillaria_anniana",0.182321556793955
"Mammillaria_armillata",0.693147180559945
"Mammillaria_aureilanata",1.09861228866811
"Mammillaria_backebergiana",0.693147180559945
"Mammillaria_barbata",1.09861228866811
"Mammillaria_baumii",1.09861228866811
"Mammillaria_beneckei",0.916290731874155
"Mammillaria_blossfeldiana",0.693147180559945
"Mammillaria_bocasana",0.78845736036427
"Mammillaria_bocensis",0.693147180559945
"Mammillaria_bombycina",0.405465108108164
"Mammillaria_boolii",0.916290731874155
"Mammillaria_brandegeei",0.693147180559945
"Mammillaria_capensis",0.693147180559945
"Mammillaria_carmenae",0.0953101798043249
"Mammillaria_carnea",0.693147180559945
"Mammillaria_carretii",0.916290731874155
"Mammillaria_cerralboa",0.693147180559945
"Mammillaria_compressa",0.405465108108164
"Mammillaria_crinita",0.693147180559945
"Mammillaria_decipiens",0.587786664902119
"Mammillaria_densispina",0.693147180559945
"Mammillaria_dioica",1.09861228866811
"Mammillaria_discolor",0.993251773010283
"Mammillaria_duoformis",0.405465108108164
"Mammillaria_elongata",0
"Mammillaria_evermanniana",0
"Mammillaria_fittkaui",0.405465108108164
"Mammillaria_formosa",0.405465108108164
"Mammillaria_geminispina",0.693147180559945
"Mammillaria_gigantea",0.405465108108164
"Mammillaria_glassii",0.336472236621213
"Mammillaria_grusonii",0.916290731874155
"Mammillaria_guelzowiana",1.38629436111989
"Mammillaria_guerreronis",0
"Mammillaria_guillauminiana",0
"Mammillaria_haageana",0
"Mammillaria_halei",1.6094379124341
"Mammillaria_hernandezii",0.693147180559945
"Mammillaria_herrerae",0.916290731874155
"Mammillaria_huitzilopochtli",0.405465108108164
"Mammillaria_humboldtii",0.916290731874155
"Mammillaria_insularis",0.916290731874155
"Mammillaria_karwinskiana",0.916290731874155
"Mammillaria_klissingiana",0
"Mammillaria_lasiacantha",-0.693147180559945
"Mammillaria_laui",0.405465108108164
"Mammillaria_lenta",0.693147180559945
"Mammillaria_longiflora",1.38629436111989
"Mammillaria_longimamma",1.79175946922805
"Mammillaria_luethyi",0.693147180559945
"Mammillaria_magnifica",0.693147180559945
"Mammillaria_magnimamma",0.916290731874155
"Mammillaria_mainiae",0.693147180559945
"Mammillaria_mammillaris",0.182321556793955
"Mammillaria_marksiana",0.405465108108164
"Mammillaria_mathildae",0.693147180559945
"Mammillaria_matudae",0.182321556793955
"Mammillaria_mazatlanensis",1.38629436111989
"Mammillaria_melaleuca",1.09861228866811
"Mammillaria_melanocentra",0.693147180559945
"Mammillaria_mercadensis",0.693147180559945
"Mammillaria_meyranii",0.587786664902119
"Mammillaria_microhelia",0.405465108108164
"Mammillaria_moelleriana",0.693147180559945
"Mammillaria_morganiana",0.405465108108164
"Mammillaria_muehlenpfordtii",0.405465108108164
"Mammillaria_multidigitata",0.405465108108164
"Mammillaria_mystax",0.916290731874155
"Mammillaria_napina",1.38629436111989
"Mammillaria_neopalmeri",0
"Mammillaria_oteroi",0.470003629245736
"Mammillaria_parkinsonii",0.405465108108164
"Mammillaria_pectinifera",1.09861228866811
"Mammillaria_peninsularis",0.405465108108164
"Mammillaria_pennispinosa",0.405465108108164
"Mammillaria_perbella",0
"Mammillaria_petrophila",0.693147180559945
"Mammillaria_petterssonii",0.916290731874155
"Mammillaria_phitauiana",0.405465108108164
"Mammillaria_picta",-0.105360515657826
"Mammillaria_pilispina",0.693147180559945
"Mammillaria_plumosa",0.405465108108164
"Mammillaria_polyedra",0.916290731874155
"Mammillaria_polythele",0
"Mammillaria_pondii",1.6094379124341
"Mammillaria_poselgeri",1.09861228866811
"Mammillaria_pottsii",0.405465108108164
"Mammillaria_prolifera",0.587786664902119
"Mammillaria_rekoi",0.405465108108164
"Mammillaria_rhodantha",0.693147180559945
"Mammillaria_roseoalba",1.09861228866811
"Mammillaria_saboae",1.87180217690159
"Mammillaria_sanchez-mejoradae",0.470003629245736
"Mammillaria_sartorii",0.693147180559945
"Mammillaria_schiedeana",-0.22314355131421
"Mammillaria_schwarzii",0.405465108108164
"Mammillaria_scrippsiana",0
"Mammillaria_sempervivi",0
"Mammillaria_senilis",1.94591014905531
"Mammillaria_sonorensis",0.693147180559945
"Mammillaria_sphacelata",0.405465108108164
"Mammillaria_spinosissima",0.405465108108164
"Mammillaria_standleyi",0.182321556793955
"Mammillaria_tayloriorum",0.405465108108164
"Mammillaria_tetrancistra",0.916290731874155
"Mammillaria_theresae",1.50407739677627
"Mammillaria_tonalensis",0.405465108108164
"Mammillaria_uncinata",0.693147180559945
"Mammillaria_vetula",0.53062825106217
"Mammillaria_wiesingeri",0
"Mammillaria_winterae",1.09861228866811
"Mammillaria_wrightii",0.916290731874155
"Mammillaria_xaltianguensis",0.53062825106217
"Mammillaria_zublerae",0.405465108108164
"Miqueliopuntia_miquelii",1.94591014905531
"Myrtillocactus_cochal",0.916290731874155
"Neoraimondia_herzogiana",2.01490302054226
"Neowerdermannia_vorwerkii",0.693147180559945
"Nyctocereus_serpentinus",3.2188758248682
"Opuntia_auberi",2.19722457733622
"Opuntia_aurea",2.01490302054226
"Opuntia_aureispina",2.07944154167984
"Opuntia_basilaris",2.01490302054226
"Opuntia_boldinghii",1.6094379124341
"Opuntia_caracassana",1.94591014905531
"Opuntia_chlorotica",2.07944154167984
"Opuntia_cochenillifera",1.70474809223843
"Opuntia_deamii",1.94591014905531
"Opuntia_decumbens",1.6094379124341
"Opuntia_dejecta",1.6094379124341
"Opuntia_depressa",1.38629436111989
"Opuntia_discolor",1.09861228866811
"Opuntia_elata",1.25276296849537
"Opuntia_engelmannii",2.07944154167984
"Opuntia_fragilis",1.38629436111989
"Opuntia_fuliginosa",0.916290731874155
"Opuntia_galapageia",1.94591014905531
"Opuntia_guatemalensis",0.916290731874155
"Opuntia_humifusa",2.07944154167984
"Opuntia_hyptiacantha",1.94591014905531
"Opuntia_inaperta",1.38629436111989
"Opuntia_lasiacantha",1.94591014905531
"Opuntia_leucotricha",1.6094379124341
"Opuntia_littoralis",2.01490302054226
"Opuntia_lutea",1.6094379124341
"Opuntia_macrorhiza",1.79175946922805
"Opuntia_phaeacantha",2.07944154167984
"Opuntia_pilifera",1.79175946922805
"Opuntia_pinkavae",2.01490302054226
"Opuntia_polyacantha",1.79175946922805
"Opuntia_puberula",1.6094379124341
"Opuntia_pubescens",1.6094379124341
"Opuntia_quitensis",1.94591014905531
"Opuntia_retrorsa",1.38629436111989
"Opuntia_robusta",1.94591014905531
"Opuntia_rufida",2.01490302054226
"Opuntia_schumannii",1.79175946922805
"Opuntia_soederstromiana",2.07944154167984
"Opuntia_stenopetala",1.09861228866811
"Opuntia_streptacantha",1.94591014905531
"Opuntia_stricta",1.79175946922805
"Opuntia_strigil",1.94591014905531
"Opuntia_sulphurea",1.38629436111989
"Opuntia_tehuacana",1.43508452528932
"Opuntia_tomentosa",1.70474809223843
"Opuntia_velutina",1.6094379124341
"Opuntia_wilcoxii",1.79175946922805
"Ortegocactus_macdougallii",1.09861228866811
"Pachycereus_gatesii",1.09861228866811
"Pachycereus_gaumeri",2.2512917986065
"Pachycereus_grandis",1.38629436111989
"Pachycereus_hollianus",2.30258509299405
"Pachycereus_lepidanthus",1.94591014905531
"Pachycereus_marginatus",1.38629436111989
"Pachycereus_militaris",1.6094379124341
"Pachycereus_pecten-aboriginum",2.19722457733622
"Pachycereus_pringlei",2.07944154167984
"Pachycereus_schottii",1.38629436111989
"Pachycereus_weberi",2.30258509299405
"Parodia_ayopayana",1.09861228866811
"Parodia_chrysacanthion",0.693147180559945
"Parodia_comarapana",0.916290731874155
"Parodia_concinna",2.07944154167984
"Parodia_erinacea",1.6094379124341
"Parodia_formosa",1.38629436111989
"Parodia_horstii",1.25276296849537
"Parodia_langsdorfii",0.916290731874155
"Parodia_leninghausii",1.79175946922805
"Parodia_maassii",1.50407739677627
"Parodia_magnifica",1.70474809223843
"Parodia_mammulosa",1.6094379124341
"Parodia_microsperma",1.25276296849537
"Parodia_ottonis",1.79175946922805
"Parodia_rudibuenekeri",1.09861228866811
"Parodia_schumanniana",1.50407739677627
"Parodia_scopa",1.38629436111989
"Parodia_stuemeri",1.38629436111989
"Parodia_subterranea",1.09861228866811
"Parodia_tenuicylindrica",1.43508452528932
"Pediocactus_simpsonii",1.09861228866811
"Peniocereus_greggii",2.99573227355399
"Peniocereus_johnstonii",2.70805020110221
"Peniocereus_lazaro-cardenasii",2.07944154167984
"Peniocereus_marianus",2.19722457733622
"Peniocereus_striatus",2.70805020110221
"Peniocereus_viperinus",2.19722457733622
"Pereskiopsis_aquosa",2.77258872223978
"Pereskiopsis_diguetii",2.01490302054226
"Pereskiopsis_porteri",1.6094379124341
"Pereskiopsis_rotundifolia",1.38629436111989
"Pfeiffera_ianthothele",1.38629436111989
"Pfeiffera_miyagawae",0.405465108108164
"Pfeiffera_monacantha",0.405465108108164
"Pfeiffera_paranganiensis",0.693147180559945
"Polaskia_chichipe",1.38629436111989
"Pseudoacanthocereus_brasiliensis",3.13549421592915
"Pseudoacanthocereus_sicariguensis",2.77258872223978
"Pseudorhipsalis_acuminata",0.405465108108164
"Pseudorhipsalis_alata",0.405465108108164
"Pseudorhipsalis_himantoclada",0.955511445027436
"Pseudorhipsalis_lankesteri",0.832909122935104
"Pseudorhipsalis_ramulosa",0.182321556793955
"Quiabentia_verticillata",0.405465108108164
"Rhipsalis_burchellii",0.405465108108164
"Rhipsalis_campos-portoana",-0.105360515657826
"Rhipsalis_cereuscula",0.405465108108164
"Rhipsalis_clavata",0.405465108108164
"Rhipsalis_elliptica",-0.105360515657826
"Rhipsalis_goebeliana",0
"Rhipsalis_grandiflora",0.182321556793955
"Rhipsalis_juengeri",0.405465108108164
"Rhipsalis_lindbergiana",-0.693147180559945
"Rhipsalis_mesembryanthemoides",-0.22314355131421
"Rhipsalis_micrantha",-1.20397280432594
"Rhipsalis_oblonga",0.182321556793955
"Rhipsalis_occidentalis",-0.105360515657826
"Rhipsalis_olivifera",0.405465108108164
"Rhipsalis_pachyptera",0.405465108108164
"Rhipsalis_paradoxa",0.693147180559945
"Rhipsalis_pentaptera",-0.22314355131421
"Rhipsalis_pulchra",0.336472236621213
"Rhipsalis_russellii",-1.6094379124341
"Rhipsalis_sulcata",0.182321556793955
"Rhipsalis_teres",0.182321556793955
"Schlumbergera_gaertneri",1.6094379124341
"Schlumbergera_kautskyi",1.6094379124341
"Schlumbergera_microsphaerica",1.38629436111989
"Schlumbergera_opuntioides",1.79175946922805
"Schlumbergera_orssichiana",2.19722457733622
"Schlumbergera_russelliana",1.6094379124341
"Schlumbergera_truncata",2.07944154167984
"Sclerocactus_brevihamatus",1.09861228866811
"Sclerocactus_glaucus",1.38629436111989
"Sclerocactus_intertextus",1.09861228866811
"Sclerocactus_parviflorus",1.79175946922805
"Sclerocactus_polyancistrus",1.79175946922805
"Sclerocactus_spinosior",1.38629436111989
"Sclerocactus_unguispinus",0.916290731874155
"Sclerocactus_whipplei",1.16315080980568
"Selenicereus_anthonyanus",2.484906649788
"Selenicereus_atropilosus",2.484906649788
"Selenicereus_chontalensis",2.07944154167984
"Selenicereus_grandiflorus",3.40119738166216
"Selenicereus_hamatus",3.55534806148941
"Selenicereus_inermis",2.70805020110221
"Selenicereus_pteranthus",3.40119738166216
"Selenicereus_spinulosus",2.52572864430826
"Selenicereus_testudo",3.2188758248682
"Selenicereus_vagans",2.70805020110221
"Selenicereus_validus",3.09104245335832
"Stenocactus_coptonogonus",1.09861228866811
"Stenocactus_crispatus",1.38629436111989
"Stenocactus_multicostatus",0.916290731874155
"Stenocactus_phyllacanthus",0.693147180559945
"Stenocactus_vaupelianus",0.693147180559945
"Stenocereus_alamosensis",2.30258509299405
"Stenocereus_beneckei",2.07944154167984
"Stenocereus_chacalapensis",2.39789527279837
"Stenocereus_chrysocarpus",2.30258509299405
"Stenocereus_dumortieri",1.6094379124341
"Stenocereus_fricii",2.484906649788
"Stenocereus_gummosus",2.63905732961526
"Stenocereus_kerberi",2.19722457733622
"Stenocereus_montanus",1.94591014905531
"Stenocereus_pruinosus",2.19722457733622
"Stenocereus_queretaroensis",1.79175946922805
"Stenocereus_standleyi",2.07944154167984
"Stenocereus_stellatus",1.79175946922805
"Stenocereus_thurberi",2.07944154167984
"Stenocereus_treleasei",1.6094379124341
"Strophocactus_wittii",3.29583686600433
"Tacinga_funalis",2.19722457733622
"Tacinga_inamoena",1.70474809223843
"Tacinga_saxatilis",1.09861228866811
"Tephrocactus_aoracanthus",0.405465108108164
"Tephrocactus_articulatus",1.50407739677627
"Tephrocactus_molinensis",1.09861228866811
"Tephrocactus_nigrispinus",0.916290731874155
"Tephrocactus_weberi",1.09861228866811
"Thelocactus_bicolor",1.82454929205105
"Thelocactus_conothelos",1.6094379124341
"Thelocactus_hastifer",1.09861228866811
"Thelocactus_hexaedrophorus",1.25276296849537
"Thelocactus_lausseri",1.28093384546206
"Thelocactus_leucacanthus",1.64865862558738
"Thelocactus_macdowellii",1.6094379124341
"Thelocactus_rinconensis",1.38629436111989
"Thelocactus_setispinus",1.64865862558738
"Thelocactus_tulensis",1.6094379124341
"Tunilla_soehrensii",1.70474809223843
"Turbinicarpus_alonsoi",1.33500106673234
"Turbinicarpus_gielsdorfianus",0.916290731874155
"Turbinicarpus_laui",0.916290731874155
"Turbinicarpus_mandragora",0.693147180559945
"Turbinicarpus_pseudomacrochele",1.16315080980568
"Turbinicarpus_saueri",0.693147180559945
"Turbinicarpus_schmiedickeanus",0.955511445027436
"Turbinicarpus_subterraneus",0.916290731874155
"Turbinicarpus_swobodae",0.470003629245736
"Turbinicarpus_valdezianus",0.916290731874155
"Turbinicarpus_viereckii",1.09861228866811
"Weberocereus_glaber",2.63905732961526
"Weberocereus_imitans",1.94591014905531
"Weberocereus_rosei",1.94591014905531
"Weberocereus_tonduzii",2.07944154167984
"Weberocereus_trichophorus",1.79175946922805
"Weberocereus_tunilla",1.94591014905531
